id,label
2e2baad1c2b5,0.0
b2181b02b0fa,0.0
09f2867d4694,0.0
3297b4ecb44c,1.0
f58473a99c39,0.0
b3ef975f1dbb,0.0
84b86b73ae91,1.0
918e65e3e26c,0.0
7a16ee33b303,0.0
26947e240152,0.0
58d958935252,0.0
cc19d451fea8,0.0
34cccb4dc5df,0.0
e069d7c4fd37,0.0
fe3c3dce7567,0.0
1472e3929211,0.0
2d824560f00f,0.0
b09808d7a897,0.0
1f7bfdfbefd5,0.0
4c6093e1f4f3,0.0
206acc758f62,0.0
d316e5e838c0,0.0
41d4eaa16ed7,1.0
796f4a41fee4,0.0
3e28720b4e18,1.0
134fef5809e4,0.0
14ddb8f9c8a6,0.0
65b68e66fa83,0.0
8bca77f4187f,0.0
ef81ae7a8ebb,1.0
ad0f4fe4e365,0.0
5e3e6eb77747,1.0
0c4be8ab1e4c,0.0
62158ff3fe8a,0.0
cf652a35bcfa,1.0
24bb6483e61e,0.0
f9a31e546e6e,0.0
5c3cf46dac76,0.0
ea504f3f2fea,0.0
d7953f3fac8a,0.0
854a7c017b27,1.0
5df2ff87000f,0.0
80ca475fbcc8,0.0
a193276aeeb8,0.0
5862f38d93e9,1.0
0a0933928fce,1.0
6668e0aa9e07,0.0
84551eb646e2,0.0
d123497ea603,0.0
1b474b6bbbf6,0.0
17ecebf1a5d4,0.0
b3d39e006a94,0.0
0275944143a7,0.0
e20e7d014434,0.0
db30723c56bc,0.0
426330da8c68,1.0
f1586c3d1a38,0.0
752e1268b5d5,1.0
bc5ab94cf56f,0.0
535961fa0b42,0.0
df6f10477a62,0.0
7cc19691c798,1.0
a31d906eca20,0.0
5d578139516a,0.0
86aea726a96f,0.0
d181cc388102,0.0
534fc23431c7,0.0
f2bbbe871911,0.0
4b92585d772a,0.0
672092e23bb4,0.0
ea337c1bb216,0.0
8cd1bea165a5,0.0
86aa6c798626,1.0
6f090af874fe,0.0
efdf2eb41621,0.0
9e4701c1d519,0.0
0707839124fe,1.0
370290c258d5,0.0
6d5a912cbed4,0.0
eaa922292efd,0.0
204c64da904f,0.0
6e35eb2d59e7,0.0
3bd2bc3e6363,0.0
ad0da92e3e60,1.0
1bdf96ee732c,0.0
0edbdf9b8c9e,0.0
5b82d6a12e64,0.0
8ab46835bfef,0.0
3e64e09adbf7,0.0
599119780fdf,0.0
b0e2924c7546,0.0
42a2efcba781,0.0
95fadfc79405,0.0
40f3dd296983,0.0
2cd42b71eca6,0.0
fb53d2d54e48,0.0
ac38c364b618,1.0
ba1472f89c47,0.0
b7fa4b83c7ae,1.0
f5cbfc1a60c9,0.0
acd903d661e3,0.0
af8f9e0dd6bc,1.0
82f356941c48,0.0
82c300621797,1.0
f27f4ee53d3b,0.0
dcedae23646f,0.0
33e92ce6f9ee,1.0
63cb951cd3bc,0.0
4398126361d6,1.0
4ac6b8964999,0.0
6ad9f808d900,0.0
33808317a060,1.0
5863f1b09386,1.0
df9656b1cbba,0.0
3753dbed2368,0.0
f13f19d978ec,0.0
a524795d2971,0.0
cf79ba608148,1.0
745fb2d8fd61,1.0
5cb1cc2b5b5d,1.0
99e5f013a581,1.0
037527d74825,0.0
b7ce448b0023,0.0
0a6807ecfe8a,0.0
c129c15803ca,1.0
99ec71f0bd08,0.0
88fc4bc97ed8,0.0
74f8497e61f7,0.0
1b76bbbc99be,0.0
7a05145ffdbc,1.0
e807eb081f5d,0.0
0bb0a9046041,1.0
08f4e9c36fc2,1.0
675cb46b22b1,0.0
f003c39e152e,1.0
d0c31fc6476b,1.0
0e3c66fcee48,0.0
a1b9b0adb257,0.0
6939fc78fed6,0.0
fd8cf7540ea3,0.0
1a29d7a523be,0.0
d0922462b0a9,0.0
a2282883853d,1.0
a119bec67725,0.0
49ebb2a30ead,0.0
1c677acd2a34,0.0
cc8851972faf,0.0
e9e2b1c6513d,0.0
868e51555631,0.0
cb457a60e1d9,0.0
65521e47ba23,0.0
b65144cbd5df,0.0
60f9c6da901e,0.0
17547c6d0cb9,0.0
2a57fb75984a,0.0
e64aab300f03,0.0
4e549955ba54,0.0
080ad1e53b79,0.0
3c6495c9ffbf,0.0
e638f0a5efd8,1.0
a87bd12de90e,1.0
56c24290c096,1.0
bd9394feddca,0.0
68ff01a8e1f8,1.0
49033c5b006f,1.0
e49165c4ad1c,1.0
383630a1aefc,0.0
2d417ef8f3a7,0.0
dfa0c8cb9cee,0.0
33022806f50f,0.0
bffb80b925a1,1.0
a712dffeab4a,1.0
69598781946d,0.0
99ef795755a3,0.0
3481263b801a,0.0
8655fc40f08d,0.0
ee52b8b55e39,0.0
2ceea70a2610,0.0
191bdfb180da,0.0
66ee77bc3834,0.0
ac18e8884c54,0.0
b4bf9cc8af07,0.0
4ba715380663,0.0
7955e31c9a6a,0.0
ce3f2e3b25d3,1.0
7ac5675a0f41,0.0
62cafd6d0cc2,0.0
b580fabeea2e,1.0
1ac830cb2b6c,0.0
38a095b6dd8c,0.0
883f6b384ccc,1.0
0bb05d2bf07a,0.0
acb8325617de,0.0
3d0aa8b1daf7,0.0
38fc8cecc030,0.0
11c3ba67772b,0.0
35195c3062bc,0.0
7a955dbd65d7,1.0
6fef42067fc1,1.0
37ef50808f05,0.0
7ca1f2dca062,0.0
356bca4464c6,0.0
31000d6b7481,1.0
1140e1193804,0.0
6dfd8391cb04,0.0
580b7db2f199,0.0
2259abaf7c80,0.0
42d78c641909,0.0
77ec39e882bf,0.0
996c3cb229f9,0.0
c8656d093667,0.0
9ebd7fbbbbf6,1.0
0f0998c04f98,1.0
e00c1321c396,0.0
24e13649dac0,0.0
7264e2ff98e7,1.0
5ca0e65bd19f,0.0
2d41bacc617f,0.0
32612e321959,0.0
b9ee51be1d6d,0.0
935a72df367f,0.0
e911f4f2c33b,0.0
8905badf2ac1,0.0
d32deb95fc89,1.0
786645449aaf,0.0
27fb3a6af49e,0.0
f755660fae91,0.0
dec9fb65b762,0.0
8b2a6346f9b7,1.0
a1be245065e0,1.0
b4296dae6282,1.0
4ff9f950e318,1.0
cd43d5fb74d1,0.0
9be5ee8b1533,0.0
aaedf4d8ce0b,0.0
9d11fe78d3f4,0.0
982ac7dab90d,0.0
1fc0dd553463,0.0
24e5f75b7bab,0.0
5cd2296abe7c,0.0
0eda6f85fe5b,1.0
114dc1e9f283,1.0
1b7f3fd43226,1.0
746436060c2a,0.0
00442b17c93c,0.0
03af1663e11f,1.0
dc8b535ac4c5,0.0
656f45bd774c,1.0
ada3abd61fcf,0.0
0288ee311811,1.0
dc65f3a608c2,0.0
b67eeac3ce00,0.0
8cf74622ea41,1.0
7b6f8e0866fd,0.0
e8d73ba6ac26,0.0
6c158cf3d99b,0.0
dc4927669de1,1.0
2561c0763d0c,1.0
6c4e7cbb4277,0.0
135ced551d4e,0.0
a135f7ae6701,0.0
8a7e816df978,1.0
d5f78d9b63c2,0.0
9c97d4401847,1.0
5548d141c254,0.0
ff999b2eb040,0.0
f2eadcae2a65,0.0
7103dedcab02,0.0
57d5a8d4ae60,1.0
96a092e1a673,0.0
6661360aa651,0.0
634efb0c4604,0.0
9fe83efdb8dd,0.0
a35490f912bf,0.0
7c45e3536716,0.0
4ac1c94f74c7,1.0
67bacf4fc0a1,1.0
27f358f8c81f,0.0
621ca3f0c5bb,0.0
94862e618ba1,1.0
ba8dc8929edb,0.0
7f9f9fad72ee,0.0
0f23d2cbce3b,0.0
7878d006c6da,0.0
5bba28be9103,1.0
c94fa8d1ce7d,1.0
3c9ae90ea744,0.0
7440dc2478e6,0.0
e91c02c95958,0.0
aea20613f040,0.0
d32dc42e8611,1.0
eb92b1dd6ac0,0.0
05eedca08fad,1.0
7a48affab7b8,0.0
d4ae27e8a505,0.0
660a9efcb472,1.0
25748a5cb33f,1.0
e2562ebfdcfa,0.0
78a0d87edf09,1.0
051f1e212f12,0.0
f8900c335ff8,0.0
ded1310e9b52,0.0
29d904feebf0,0.0
d5a68aee90c5,0.0
07b742715034,0.0
cb49490ad6ed,0.0
157297eda78a,0.0
8ec70a54f228,1.0
2429f245c3cf,1.0
14408e5a2a68,1.0
c83e5f1714f2,0.0
ecce02ad276b,0.0
9f70f7bea679,1.0
7616cdd27909,0.0
23af7f473ef1,0.0
03c455415a19,0.0
c3aa221f8e68,0.0
5ef053d9db14,0.0
9b34017e6f9b,0.0
e92f99765174,1.0
682e0ecc3be6,1.0
044c6d1e18a8,0.0
dbcd56a05e7a,0.0
ac7d483b8aa6,1.0
cd9f06520ca7,0.0
d535c32d02fd,0.0
acc1e8c24c1c,0.0
d29fec04b4c6,0.0
537223aac957,0.0
ae0cbf4a0e61,0.0
6f164898ff53,1.0
d69e7a9d1c6d,0.0
9603e9f89a34,0.0
7dd460ad76d9,1.0
e6550951d3b5,1.0
507eea8662d0,1.0
16b93c6069e1,0.0
92bc1fb098f7,0.0
817618d115d1,0.0
4343a1cd1585,1.0
487c254892ca,0.0
2b568bf8df92,1.0
9611a4a6f97d,1.0
dc659a7e47ed,0.0
1db4b53fc326,0.0
bf2d28d4c579,0.0
51b23f1a0262,0.0
fdf05f1ff243,0.0
037aa9e153b5,1.0
9994d2d46922,0.0
877ca58c458b,0.0
cac90a85475f,0.0
294b75f5968a,1.0
0ad9267ffae9,1.0
d5f6c9e9815a,0.0
4d0a536c40c0,1.0
6e52b3cb83c5,0.0
424d0fc057d1,0.0
42e66c1e04c7,0.0
236f47f548ec,0.0
1b974de06570,0.0
36a52c2960c9,1.0
b7ec3de84981,0.0
c3f4a1cc59a7,1.0
daa03dc28ee9,0.0
38adb46743f3,1.0
c66c93a5b041,0.0
bd690d114517,0.0
ac588237917b,0.0
9c9acba5913c,1.0
ed676971346c,0.0
e81b66ec14c5,1.0
b414128b613b,0.0
2eb0807078b5,0.0
3a18662c5c27,0.0
1116ba0bf287,0.0
7a307f43f04a,0.0
af178dbe5a4d,0.0
75870ae7bfd1,0.0
460638243d51,1.0
f6d2cd4f4fca,0.0
8ef68e3d0528,0.0
2a4dbd8742f6,0.0
dff3570e6cd4,1.0
414ad4242ef1,0.0
efde4dbb31aa,0.0
e7c3ada8e49d,0.0
b6326ff0b043,0.0
774a5c7c66db,0.0
31ebf23ba095,0.0
b5ae47423305,0.0
18f1b528818f,0.0
d54d606b3eea,0.0
b090e90435d5,1.0
e6db6b934d36,0.0
a05b0d95cc9e,0.0
3da565308023,1.0
7544b8454bfa,0.0
65b604dfc5c6,0.0
1c4e09102f3f,0.0
f46fce4d300e,1.0
ec66f6d3147b,1.0
58fbcaacdb72,1.0
b7b9e87f4c8a,0.0
5878012ab709,0.0
36a5a2c031f2,0.0
c222f236408c,0.0
cc4bdbbe4eea,0.0
daedd4b9aa34,0.0
a42820136859,1.0
1f85083f2daf,0.0
f23050bddecc,0.0
2416f71cd0cd,1.0
757b7cd8669c,0.0
3e21caea5ae8,0.0
cceefea67f19,0.0
2847ed3919be,1.0
cffeb16abba6,1.0
c36d1239e8ed,0.0
72b2029d131b,1.0
680cabdfbffd,1.0
58bb98156244,1.0
dbfb418458c5,1.0
5f96a0dd19ea,0.0
005920f3dd10,1.0
7944a76c7b97,0.0
3470624934c7,0.0
40ae7a664aae,1.0
61a0129daae4,0.0
6b73f3d03d85,1.0
09fe0145fff8,0.0
0cbdd4a32bf5,0.0
0c9075340c84,1.0
a6728acfd92f,1.0
fbf669bdb51b,1.0
82c77314a531,1.0
38596cd2b780,0.0
03a1eea25ade,0.0
fb0523dac496,0.0
735d7358edfe,0.0
fcffe133cb66,1.0
146f422cee66,0.0
39adb8e8ffe2,1.0
d7128a75ce80,1.0
aa3d7f2454a8,0.0
12913d169089,1.0
ee14155cdc4c,1.0
22209ad7ee4b,1.0
1ac6f2690cdc,1.0
70b2eb69ca1a,0.0
4c03ac133a54,1.0
52943781e56f,0.0
296939b24d9a,1.0
eeaf884f6c32,0.0
122036e4704e,1.0
41622f07750d,1.0
a16c7fb1582f,1.0
83c5b742c295,1.0
0596a51edf13,1.0
a6837090277f,1.0
8a05b5e264f9,1.0
6dc75e587cc3,1.0
b89b47949dd2,1.0
083988891003,1.0
5e89f7833a4c,1.0
c71a8ca1330c,1.0
e10d5b06f70d,0.0
096e15f1470a,0.0
01de092eaaf3,1.0
39d4bc8a6323,0.0
48bec214b353,1.0
9d7df1b274a8,1.0
a8811e65d8c9,0.0
410b2324a300,0.0
8d07bd65006f,0.0
9e97db71729e,1.0
a4e2d15f8954,0.0
c4f4eacd5e06,1.0
6ca6999bbeed,1.0
f120cbce092c,1.0
e0a4c6032492,1.0
94e3d52c5bf6,0.0
1f855ec7670e,0.0
93cc043c934c,1.0
f782f54efc79,0.0
0b788ca59b14,1.0
98da3910dae1,1.0
c6d357a1e361,0.0
e2672de236d0,0.0
a6a43b420bae,0.0
3587e1530e25,1.0
f72fac6391a6,1.0
9ab531dadf65,1.0
1ed7562564c5,0.0
b65164bbdd34,1.0
d2051dfe1843,1.0
49263cac8bb6,1.0
36523f317ec9,1.0
cca558921467,1.0
4e9b6ced93ae,1.0
4cf4623ae1dc,0.0
d299d10365c9,0.0
de0f79c7db28,0.0
ceb16742aec3,0.0
15593a260df1,1.0
3d4b07d4646d,1.0
b0841bc7ea14,1.0
d46f7b4284fc,1.0
aa2cb26da5d7,0.0
63893816b7cd,0.0
8be1b7adda0a,0.0
39f629b89c95,1.0
8eb37f20707f,0.0
06a0b82a73d1,1.0
c08339fa2a37,0.0
6a5f9d7b54bf,0.0
49b4691656b6,1.0
fecaaa267096,1.0
27a5c389d5d7,0.0
d9618fa2c04a,1.0
d2389ecc054f,1.0
b9d0f4cd8716,1.0
7ebe7cd97ed2,1.0
71e533d0ead0,0.0
43635984c287,0.0
04f7d0fe02ef,1.0
81012ee29292,1.0
210de1a416ea,0.0
a888c95754b4,0.0
55aab3159e5a,1.0
63ea1de0b441,0.0
de61e98af7fd,1.0
5ee06c2653a9,0.0
94f795edfd8e,0.0
1d9b66f70a28,1.0
995015e857ab,0.0
b0178e50ecfc,1.0
e0ffd7f85ed7,0.0
211647f8298b,0.0
27764838f7b0,0.0
7da91d1b6c27,1.0
d191866bf51e,0.0
2974e2a0f5e7,1.0
8f4130fb4f3d,1.0
0515a07d11b3,1.0
d7dc76905740,1.0
416e28a2e39e,0.0
6c3175163679,0.0
e87600e1f108,0.0
cd11ee6f4c49,0.0
1ba9f6bb2355,0.0
8ebd7ec48b5b,1.0
5f8cb799726e,1.0
b202ae218782,1.0
01dd9c1a11cf,1.0
583e11142c0b,1.0
d8d6fbdcbc66,0.0
5db2abc2b0a6,1.0
e531103923e3,0.0
5677aaf50bfb,1.0
3e239a0ace57,1.0
1054d125742d,1.0
97d218ee321c,0.0
4a6010ed35f5,0.0
8a24da46d390,0.0
15c15f91e88a,1.0
dffe863e35fd,0.0
9cf6538bc646,0.0
5f937a448185,1.0
8166df5dad9b,1.0
0fae8d576be8,0.0
a5bc5b91a8c3,0.0
ee6cdb0dcde4,1.0
6f85eecd5ee7,1.0
44dd85de022b,1.0
09ad26755d62,1.0
8662ab0273ce,1.0
ab83a2e4bc36,0.0
74b54f2d0646,1.0
f017db2a5808,1.0
177d8973c319,1.0
443ebb7243db,1.0
32bd6ca048e1,0.0
c626cc49fd98,1.0
f372484ccd67,0.0
37d8f8a459d9,0.0
ee67072f341e,0.0
b80ebbcc064b,1.0
2229b79e9572,1.0
38c37bc1d814,0.0
2350fc1d1a76,0.0
0f5be74d8168,0.0
0049330ae30e,0.0
e9d12000fd0f,0.0
4289cb82499b,1.0
bab89b3796af,0.0
ba5db3e6025f,1.0
c24017330ccb,1.0
3879deb2caa5,0.0
8a92b85bffe4,1.0
645eb800268a,0.0
b562e9f1632a,0.0
8cd704a1f84e,1.0
f0e435f8a342,0.0
d504b6e86f94,1.0
660c6d4d4177,0.0
ac24ec7d9f8a,0.0
d279db2adae2,0.0
7ebb293f67ba,1.0
26d73de35dfb,0.0
3e385b4b3beb,0.0
a6e04cf44944,0.0
b44c94b9241e,1.0
eb42f5f3cd6b,0.0
786c97c21b38,0.0
25d3a38c6e80,1.0
8f49ca445532,1.0
563a7d7c40fc,0.0
c4a062e76dff,0.0
bc70720698c5,1.0
cab4bd8baf01,1.0
1dea6ffe6fd7,1.0
4e42dc416fa8,0.0
bd609eed16f1,1.0
4966701f1aca,0.0
d72082a5c294,1.0
729542954fb0,1.0
96c12f6ad559,1.0
e82ae9a5b19c,0.0
859eaa8b7cbe,0.0
27ff64b2a644,0.0
48749234a870,1.0
5482760d7a04,0.0
3094084963b1,0.0
42898b4514e2,0.0
c13767fccab1,0.0
c490f0d439a8,1.0
c1c5e123dacb,1.0
9434ef5ddf08,1.0
8e58d87dc42f,0.0
b922990e04e9,1.0
6ba223c2ba34,0.0
463934f43dc6,1.0
80cef9550208,1.0
84fb8b69a21b,0.0
b096771550ae,0.0
fcbf7e842333,0.0
41720510ccf8,0.0
524560caf8be,0.0
2c165e4d48df,0.0
806cf5698be5,0.0
b94ce34f1158,0.0
ce645142f85e,0.0
ac276557112e,0.0
769f9c4df40e,0.0
91415c1b5192,0.0
9b9f68e0e9b3,1.0
1928f26251bb,1.0
42646ecc8acb,1.0
0bee864f7d0c,0.0
9521e3c31de0,0.0
adbf301f287d,0.0
f455765bbb01,1.0
c4e1fecc9dc1,0.0
22ca98930e07,0.0
8b9bf49cc1f5,0.0
a20f72a1f8d4,0.0
17d33d2d83bd,0.0
817e452c0869,0.0
ea232f6536d6,0.0
73a6542a24e2,0.0
3ead668c5890,1.0
61d48227e0bc,1.0
23a3835e6571,1.0
e4190eceaecb,0.0
1979d94fe4a2,0.0
60d2d54571f1,0.0
dde0457df357,0.0
9e838eafe3f5,1.0
2bca76297953,1.0
65c34a12d072,0.0
6a24a0fe159c,0.0
33b073947916,1.0
888be86bf7db,1.0
8bed43aef872,0.0
3ddd797aff45,0.0
81cf78554689,0.0
6cdb622d4fbd,0.0
330ac7e716f6,1.0
095ef177e4e7,1.0
ad762fb7e9ff,0.0
300abd108245,0.0
55c0ad441a9c,0.0
44854bbe40fc,1.0
694ac0428f58,0.0
bdf5879b2d60,1.0
849e9485b130,0.0
574a260ea0cd,0.0
988004f4e48e,0.0
87199d32e23f,1.0
fa58ad404d69,0.0
f2e191141a87,0.0
0a44482b1305,0.0
849178eb2ad6,0.0
836d9c4e1435,1.0
9399fb58c1f6,1.0
2a6ceb9bdee8,0.0
72cd77d92833,0.0
a1ef8e98388e,1.0
6f124bc03d50,0.0
cfd5efb9734a,0.0
b9cc4f663407,0.0
b16bca43f046,1.0
e8af6f081755,1.0
89f7af6898b8,0.0
75cfc6c0cbbd,0.0
b45fcbcad61b,0.0
f43f7a469c10,0.0
4a96efc21921,1.0
5e989a6cb803,0.0
d7cc1fe02983,0.0
39c50c927933,0.0
f72fefa31dc9,0.0
c0de22cd91de,0.0
863d584ae41b,0.0
730f1a9ecb89,0.0
f1ce3c86d8d9,0.0
aaddd1284c21,0.0
8efc169a5dfa,1.0
fc48d947d636,1.0
feb1500805a7,1.0
557e306510e8,0.0
db26841488f9,0.0
45e636edb133,0.0
c04f122579f3,0.0
c8a443a9c979,0.0
047d643422b6,1.0
262d1d90afd3,0.0
657ca30337a1,1.0
5d5b002b9b15,0.0
84febc394184,0.0
ab1bd5c0f077,0.0
9d710a77fdcf,0.0
f5e36771bd2e,0.0
1caa4ebbc079,0.0
9075f20a3f42,0.0
9c0c03254107,0.0
4e9fdd2fe54c,0.0
c4466beeb3c1,1.0
e28f2b3b7697,0.0
dd02f699f171,1.0
6be413f470d0,0.0
4e2df9464138,0.0
b48b69ff0999,0.0
5edacca077be,0.0
fe3d124df6e4,1.0
d2d991687375,0.0
43166a2cdbec,0.0
7151cb2a85e2,0.0
b2448ba8cac6,0.0
469d2c61dfbd,0.0
945ffc503ce0,0.0
4352fe73af89,0.0
78026e382e39,0.0
fc6403c207cd,1.0
4905006cecdc,0.0
b6210ad60651,0.0
2cfeb029640f,0.0
ceab93dac0e3,1.0
25a697bd885d,0.0
30c97e73bdb9,0.0
91c1a5a1eb80,1.0
575c05573d1c,0.0
bd99e89b3dec,1.0
5f88b49ed6ed,1.0
caeda320d90d,1.0
9be1b1da915f,0.0
c209bc564d35,0.0
10f22a5d452f,1.0
f03421b6961a,1.0
1b37446cc39e,0.0
5380719e834b,0.0
31c673202e2f,0.0
46c1ec3b421d,0.0
1127f5c4b65d,0.0
f09a13cf6b55,0.0
76685a360bf4,0.0
7e19e00e2654,1.0
57e47d9453e5,1.0
5cafbc602fae,0.0
6f7f95e05612,1.0
c5c7831ed58d,0.0
ee14d33d4089,1.0
d4bff5f004c0,1.0
069b5aa571ac,1.0
be31d1295b51,1.0
60925a952e15,0.0
8e02325e9d62,1.0
16dc9a947fe6,0.0
d1527d46120b,0.0
a3603a59cd7f,0.0
05527be99b4e,1.0
b3f283c47a0a,0.0
16b6c28e9913,0.0
8a645706a3f6,1.0
c9088cee7042,1.0
28582e3ed208,1.0
40c2ede66d5b,0.0
1cf2fd7051bf,1.0
2619cc78aa5e,1.0
fb09de0fcc87,0.0
c98c5fafb229,1.0
9abacce897b9,1.0
48e92afa1d6b,0.0
c5cbe518c4a0,0.0
6b5af8f47a93,0.0
a70fd31692ec,0.0
57aa4a8232c1,0.0
eea854c7facc,0.0
201ff668fbc4,0.0
240771de46af,0.0
a12c01b29fdc,0.0
00ada94016fa,0.0
8e5b6a690d19,1.0
bb6fd39dc88b,0.0
ee43af9dc235,0.0
f02809a8d13e,0.0
2efe20f5ad08,0.0
89efd1c08a0c,1.0
35d018d16fee,0.0
77dd2e06a889,1.0
3c8093d0b00e,0.0
493a76ae96e8,0.0
1b0f245a1bec,0.0
6d99bb122dc6,0.0
3d9a408320e2,0.0
d0916bb41dc1,0.0
22d5f6b139f6,1.0
14c93bcc43fc,0.0
1f45edd409b2,0.0
c1263c656392,0.0
ecb23dd3473e,0.0
a4947352dcf7,0.0
44056409a72f,1.0
8100786fd1f5,0.0
20b9694bf15c,0.0
dace1f8f1a15,0.0
cf9792c30ecc,0.0
69be448cab53,1.0
cd00eea71375,0.0
be930bc9dedb,0.0
c79a298aa4d2,0.0
3147ca607ed1,0.0
77875a171592,0.0
12fddde1a4c6,0.0
8664277b41be,0.0
3bd5c2c6d2d5,1.0
692147a1c333,0.0
06770ddf5940,0.0
0907069a2860,1.0
79cfbb5672de,0.0
c0065d90e9fd,0.0
a6258586f19b,0.0
46779d9c16b1,0.0
765e80b68211,0.0
611187ea397e,0.0
c514b3706e02,0.0
07e44a02e0ff,0.0
882d510106c8,0.0
4df0c9359593,0.0
2815ac8359d8,1.0
a95c8a5ae909,0.0
1d54b14fe6ea,0.0
6ee7b66dbf6d,0.0
370476e6383c,1.0
f3d04b0b02dc,0.0
41b6f50af0ec,0.0
00570b8566b2,0.0
d327d7dae202,0.0
00f539691168,0.0
75034fed3c0a,1.0
650b73dac741,1.0
c90aa1ce6047,1.0
f03f4dfe38bf,0.0
7ed103de05ab,0.0
66887efdfc59,0.0
19d52123d64d,0.0
542130862442,0.0
8fbe3dfd1ec1,0.0
64a752d7cef4,0.0
3e35029f3f6f,0.0
3bc2ee59a843,0.0
e0a838bae4b9,0.0
f9ce346227b0,0.0
dcfae7e336d2,1.0
0c35201521cf,0.0
05112a52ba3d,1.0
4d174c2bb24c,0.0
bc517a8ebb9b,0.0
4cc870242f5f,0.0
6a2c33d1c139,0.0
0014dad0eae0,0.0
eeedc382c3f7,0.0
a943f4de89dc,0.0
7d86ce5eda70,0.0
879334c0cd0c,1.0
4580da091e16,0.0
a9fdc542ffd1,0.0
dfe9aaab8b74,0.0
d016fd153837,0.0
88fa6dc3e8c5,0.0
a4aed6c25bc5,0.0
52c3119cb2c9,1.0
3da2831a1e2f,0.0
e103d0991a50,0.0
cc1d484d6eb5,0.0
f88ace38a7aa,0.0
c6236e453c8e,0.0
f655f9083b7f,0.0
8cd04ed1bdfa,0.0
5c56b8057b06,1.0
16a9945a4f9d,1.0
0e5ec6e59603,0.0
3554305059fe,0.0
86939c80e491,0.0
052936db2f43,0.0
2526e22a5dae,0.0
84484d5f87a3,0.0
0cf70f3af3b6,0.0
44fab69d904a,0.0
80ba07f5d67f,1.0
9078ac9d8054,0.0
1b44de8f90b9,0.0
00b4ffebc437,1.0
bef87608dd35,0.0
1f09105218ec,1.0
26db98a3ad59,0.0
1e92dbe0f318,0.0
7faa4973ac73,0.0
d00e0188ce2a,1.0
817fd52d2f6c,1.0
eb91a9d0246b,0.0
3faed8ec2c74,0.0
5df3abfd2de1,0.0
8a7976a98119,0.0
34cb738e4e0a,0.0
1c19c6173664,0.0
964dd2546884,0.0
1531ae19b937,0.0
35704ca45fdd,0.0
6558f5a33fe9,0.0
5a06a1dec865,0.0
d88b8b1a30ff,0.0
fe1eaf33939b,0.0
33a8070f64b8,0.0
b967649dcd22,1.0
49f387aaa7dc,0.0
82223f8b0fae,1.0
d2e0ac8b7298,0.0
c023961e6866,0.0
13c28559d812,1.0
d174d03b8a9c,0.0
55783b7d8f98,0.0
278d199926d5,0.0
cfa6b652f1ec,0.0
8eccac56df35,0.0
403451818927,1.0
253759f91369,0.0
8ffad246e1a0,0.0
f0a411ee96c9,0.0
1928a3846ed1,0.0
be9063f733b7,0.0
91f6778abe15,1.0
c6deaa087770,0.0
c36a64f5df3d,0.0
2f9381360de1,1.0
4a417061b8d2,0.0
319dabb79834,0.0
b99c89d638c4,0.0
7d5fc2a1c35e,1.0
1dbcda61d1c9,0.0
daf913f874e0,0.0
a8bc2e7f1100,0.0
35e1e1a85776,0.0
b4dd7a2fbee6,1.0
be4fce96418e,0.0
77ee6c8b31d0,1.0
301fceea27aa,0.0
ad7c313232c2,0.0
3cf3b66f22fb,0.0
89cd3a848b8e,1.0
cfbfcd8bd2e9,1.0
ac171a6971e7,0.0
d67311e3125e,0.0
e94cfd36cd1b,0.0
68ef10bd6944,0.0
1dfb842a45c8,1.0
3616a947e305,0.0
54bf43855b3e,1.0
626351e7a84f,0.0
976f4017c238,1.0
009758c48469,0.0
7e9a66da5301,0.0
881fa2d623c8,0.0
f6b433ddb0aa,0.0
d794501f652a,0.0
fc2afdf506c1,0.0
d1c384d1d8ac,0.0
c179ad600283,0.0
587e0da8e2fc,1.0
5045d444a748,0.0
d1d286115091,0.0
ac32d0098790,0.0
8d9564dae78b,1.0
7c736edb2822,0.0
8ef92a1791e3,1.0
23a2ae68acce,1.0
37fe73c0dbc6,0.0
4d9173085b55,0.0
9f31a7addd8c,0.0
f2686d778f95,1.0
4978e3366bd3,0.0
cb2f882dce38,0.0
a362701da5de,1.0
bea513b6d70a,0.0
6a56937258f8,0.0
0ac89e687545,0.0
35f6d940dede,1.0
54cc5766642c,0.0
d01a05a1a5b7,0.0
641188ce3873,0.0
67559b5115fd,0.0
3cef5c69030b,1.0
91c56378756e,0.0
5e4a687c36d6,0.0
cd6f2143f4da,0.0
65361556f4fb,0.0
055fb823c480,0.0
871977dd0ef3,0.0
e1e5f650e61e,0.0
6fb668fc8559,0.0
6cb72475d9a4,0.0
c08c5ee9f343,0.0
87235619c47b,0.0
6576f167f15a,0.0
77fbc91b6eba,0.0
bca5f871ca68,0.0
84d83447a41e,0.0
2cd6fbbf5dd7,0.0
cbca0e5ae30f,0.0
77539a8e9f6b,1.0
10762a0e9ed6,0.0
3e9af697a0fb,0.0
1c6f59efc606,1.0
e47f883a344f,0.0
903008759a30,0.0
6b56e49467e3,1.0
f50f9e4eb886,0.0
149c2ac92356,0.0
517be5d90263,1.0
62562847ea35,1.0
003c2ab27f2d,0.0
36d36ed1b1d0,0.0
2b13a243c0b6,0.0
576d95aeb29c,0.0
958f68fe1a42,0.0
16947464cb56,0.0
ec119c657374,0.0
d3453dedd8ea,0.0
ea88bc22af6e,0.0
9895b913cdaa,0.0
85d3e879a084,1.0
b55a38ec7241,0.0
b86c5c243a7a,0.0
2ac0a3c45a1e,1.0
829242a1b655,0.0
f555cb68c2ff,1.0
d641b4a04826,0.0
6e4dc541e983,1.0
b8d42d98002e,0.0
baaccfb56fd4,1.0
1ea874e45f21,0.0
49947e127839,0.0
493f0b32b832,0.0
7643e74793c1,1.0
8221eb321f1b,0.0
7ab8c91e6e15,0.0
f58d5c779f29,0.0
0e8530f01ed4,0.0
c51364c03a5d,0.0
ab9ae0a9f93a,1.0
bd7df88c965e,0.0
79d63e526a51,1.0
7ee3dc3b846b,0.0
dbb9b6519919,0.0
94ca8ec9b8db,0.0
a927065ebf52,0.0
258925053881,0.0
d399ca9adaaa,1.0
d93086c560a6,0.0
2935f50e4314,0.0
615f7615eeab,0.0
26c65b041dce,0.0
2b500a8ce023,0.0
6a557026ab8b,0.0
2f3759b10b57,0.0
1f9f6af04d4f,0.0
edbe2a78ef49,0.0
f2e068c60c1e,0.0
ca6dffa521f1,0.0
a530dc29cdf0,0.0
ff3ca1e313b7,0.0
22b289c1e351,0.0
add24674fcce,1.0
871e3809ebbf,0.0
67637fbfef8c,0.0
316bf1cced94,0.0
dc94cee97d01,0.0
f186c41a1819,1.0
d46ac9008b52,1.0
e7e5f6cc70f7,0.0
50d714096906,0.0
c89e6d03a50f,0.0
8146b284b266,0.0
c007997e66a9,0.0
491d781df4f2,0.0
faff33995927,1.0
01c08006a707,0.0
eb7b0a7117c1,0.0
f38f140474d6,0.0
8327f874a487,0.0
00455125a6c0,0.0
af437cab0243,0.0
0a7a411e02bf,0.0
8eae7ecff021,0.0
15f09d079d30,1.0
15a2235dea9d,0.0
94638fedb1b4,0.0
3e71b13553bf,0.0
ceb4e59e6014,0.0
835d84f845d4,0.0
ce44920c5d86,1.0
39a11daa341f,1.0
9d7ca5b52d98,1.0
ce6c36478679,0.0
0b4f62de8b57,0.0
1a0a0a4a25b8,1.0
32699a78353a,1.0
5e96c02d7e7b,0.0
fb1c47fb8f3f,0.0
f9cb8e9add08,1.0
a711fd745fc9,0.0
735c6bcee0bf,0.0
2b4399cd2bbd,0.0
371fc07c624b,0.0
7f47fb30fe36,0.0
b29073330529,1.0
908f7b321f35,1.0
386b037df155,0.0
56e3d1509be2,0.0
2ded38260660,0.0
6208c7c21598,1.0
c30344e59f3f,0.0
f5fd1b1fd975,0.0
19a698369d1d,0.0
2c6cd16c4a90,0.0
fb6dcd014ed7,0.0
b14bfa87cfd8,0.0
4e2a23d9a928,1.0
ecda58bf2718,1.0
7d1beb15c54e,0.0
2e30ae5cdfa5,1.0
95c6a4b7dbed,0.0
1d6fb561f7b0,0.0
7b12baa1c6fb,1.0
a7757ec2a854,1.0
db17049f0ce0,0.0
d95f0cd015e5,0.0
2f4a74238953,0.0
c5f4345855ce,0.0
fd26f64645eb,1.0
a50422145000,0.0
11f16cb39298,0.0
ba205074cb69,1.0
fbd6590f0b6d,0.0
89e8205831e3,0.0
d53bd891e119,0.0
65b1fca4ba29,0.0
5d82b196bc85,0.0
9b5a93b97faa,0.0
69f13a6de1d6,0.0
75050c95af24,0.0
b0bb7ee9b29c,0.0
ba0c4323c56a,1.0
ac4d0d71545e,1.0
a2be853fa868,0.0
305448b282d4,0.0
d3a94d8a3b79,0.0
4696f89aaaf4,0.0
93318f0965ef,0.0
ee34871cfc07,0.0
fd0d1408b17b,0.0
f888d53cbd91,0.0
7a44cbeae840,1.0
a7c8ccdf94b2,0.0
626ce3808b22,0.0
6e015efdd341,1.0
79603fe8c00e,0.0
3586c0647130,1.0
73dbbfb8696f,0.0
a0458420c70b,0.0
efad8b0f96fc,0.0
d169e26f7021,0.0
d9582628b8c2,0.0
7f64eebe9ae3,0.0
6c4399d8c7cf,1.0
38d0717163da,0.0
929a79ed8a8a,1.0
83636a3aeb8b,0.0
6be990044e16,1.0
ecafb1c8c045,0.0
0d06f98e3db5,1.0
dbfa9dae7094,0.0
9b993ccea248,1.0
d6b55b797b13,0.0
53dcb08ff53c,0.0
112bf926de5f,0.0
144dff31fdc3,0.0
88d3746925ce,0.0
2fd266cc628b,0.0
73d533820df0,1.0
efead71f135e,1.0
cd8c64cfccf0,0.0
b57fd5867561,0.0
f6c3e37c7415,0.0
32ac7090faf1,0.0
6e2b213a7ecf,0.0
59d83de3c610,0.0
a55191a55b77,0.0
100282e1613a,0.0
12322852355a,0.0
4b749d748a70,0.0
074dcb56edf5,0.0
f0bb9fef0a78,0.0
b636722ca8b2,1.0
a6ae5020edd2,1.0
75232c5bd466,0.0
d4a672e5f30e,0.0
776ec04c6e4b,0.0
978ea4c75799,0.0
385126f49047,1.0
0f63a8b5b551,0.0
b0cefccf1700,0.0
41fbfd07de64,1.0
ee82674d6c07,0.0
96192bae8e40,0.0
26b74453d6c1,1.0
b70b478aff23,0.0
b8cbab4236c0,1.0
14b1c96b1410,0.0
26ed8357d9af,1.0
60435a1dc4a0,0.0
a5dc6ded6fd9,1.0
06084ba0af0c,1.0
0a8cec9de759,0.0
6413fdc87b80,0.0
349d8db3e377,0.0
fd01f06a50d0,0.0
f4cdecbef2ac,0.0
e5a1f537cbcd,0.0
9e12ad75c6d0,0.0
e575cfce562c,1.0
af9d6f8e06f7,0.0
1e1c555fca7d,0.0
1bbdc7f42ca6,0.0
de582dd4aa7b,1.0
d4ed2d7cf3e8,0.0
647e9c4478ad,1.0
4869ebfaf2d1,0.0
c3966a66cd12,1.0
9e09cbe7c607,1.0
023752c9ed8f,1.0
b7265c3500fa,1.0
eee97a8a5104,1.0
914f25fe6fea,0.0
5c7c8dfd539c,0.0
5b7b208743c4,1.0
eca7541d6c03,0.0
cdb836a479a3,0.0
8ed68438609d,0.0
ecbcd9f3e085,0.0
3074104d9367,0.0
bc9e22fee487,1.0
c868778d91b0,0.0
e672fceece52,1.0
41ba1f489a32,0.0
e74fa9605322,0.0
589683fdb264,0.0
255a79d359fe,0.0
a271e3f263cd,0.0
6636bcd77bf0,1.0
cb6292edeeb3,0.0
d3edbcec3c09,0.0
c7acccd88d95,0.0
2d206dde5a56,0.0
867c5e460e8f,0.0
b1b4cebdf78c,0.0
5067ba7ceed1,0.0
3ac1169cb060,1.0
eec13176a146,1.0
13e8b9345a38,1.0
a94e759e88d9,0.0
2bf048ef31a4,0.0
068aa7646299,0.0
f99ed64b4cf5,0.0
865e88d3237a,0.0
350bdec45b1d,0.0
40066b354431,1.0
32be6a06a213,0.0
5945e00d10eb,1.0
5021e627c335,0.0
97eee602e6b0,0.0
dadac4ecea2b,0.0
d5289447138e,0.0
d5eab6e9d6ce,1.0
bb46a5ec6b8c,0.0
61bd8d6b7d53,0.0
44b267af3d57,0.0
1e1fc15c20a5,0.0
2c7158092bf4,0.0
39572a311946,1.0
65facfd25878,1.0
127065117c38,1.0
6bac474865f3,0.0
6e15eaa90d3e,0.0
e641184145b5,0.0
a6a0bcc68de3,0.0
a9601da372c7,0.0
ea9feabc3b2d,0.0
7cf19e25f92d,0.0
7906f275a09e,1.0
265f5b03b851,0.0
a564557a4601,0.0
002349de123a,0.0
7868f6f2582c,0.0
add6f734df72,0.0
89ce5be3b236,0.0
d677449f99b4,0.0
be4d5d23717e,0.0
6337c7e80aab,0.0
e0029c6f5cbb,0.0
997571cd056c,0.0
69ffb668d670,0.0
f6a1a37407fe,0.0
15e00b77126d,0.0
0eb1a3e25647,0.0
5ee6b38f4d72,0.0
e7cc289a4dfd,0.0
1f712468dba8,0.0
4f6c3801e623,0.0
738c49e31aa3,1.0
02f3e59c4d7d,1.0
088e0064723d,0.0
1ab2c50b520c,1.0
2edb72e5b180,0.0
594f970a4014,0.0
e37f84726362,1.0
58130dcf005c,0.0
931e5be1f199,0.0
57504642a92b,1.0
2582c80fafbc,0.0
91485f6c5c83,0.0
9bbcddf2f485,0.0
1e33f1396d0e,0.0
4a7cc40a109f,0.0
9529a05d2ecd,1.0
ae76da2897d2,0.0
c4adf30694d1,0.0
90a36cb464c1,0.0
079ad0182255,0.0
c237508e8f0d,1.0
c3b6e16606db,0.0
845a0c8240ce,0.0
dd0466c5d5e7,0.0
3845925b3d4e,0.0
ff10e51dc4aa,0.0
67ab291bf5c2,0.0
f3f1d4896434,0.0
fde1af638dcf,0.0
a38149450879,0.0
48610a4a62ca,0.0
e325c448e328,1.0
c01929d11bf8,0.0
ba52bc74824d,0.0
86fa491e7460,0.0
43a0c2e582d2,0.0
4c346f58ea8d,0.0
ccfd4fbf4f93,0.0
b68b1876d933,0.0
c0f724b076f2,0.0
5c125ec1d776,1.0
21f7bdea040b,0.0
e55721e2e189,0.0
fbf20160959c,0.0
e89db258fba0,1.0
6d3dd7ff710c,1.0
ba84cd392232,0.0
d7c50154d826,0.0
b0622b443500,0.0
d064a1fe2121,1.0
c8542a27459e,1.0
8a06822946f7,1.0
bb73de04ea68,0.0
7d57ae703ade,0.0
96910ec544cc,0.0
6f76c61c6b3c,0.0
3497ddc30f7d,0.0
deb5cd18ba5e,1.0
e5ccc5ebdbf2,0.0
b0f91feb430d,0.0
52621276e7cd,0.0
664863a9212d,0.0
fa2a8c2c1f06,0.0
b78da47897cb,1.0
679a20155dc3,1.0
a132e311ca2c,1.0
c3831c2e9f3a,1.0
822a35fec758,0.0
893f91ba8a32,1.0
8d9c364717b1,1.0
028ae24163a3,0.0
3120a381fbcb,1.0
7848e107f787,0.0
1c58a2255ac3,1.0
b0cdc2711c90,0.0
7bbb40c2445e,0.0
be6a9ed4a6ce,0.0
167450f22a8d,0.0
5f260b74c908,0.0
ccd68f814d5a,0.0
a274a500547b,1.0
90a0e57b3c21,0.0
48700c9de612,0.0
84ab409b938e,0.0
ee24850c3abe,0.0
0b82f3d31582,1.0
2432639c51ab,0.0
346a2d7ce8d5,1.0
7b1b5b405909,0.0
8477281e9705,0.0
a6ced137ccac,0.0
76a022bb1c98,0.0
97b90b732f38,0.0
5a7dcbbe40d4,1.0
33a534c0e6d0,0.0
77c60b704dbe,0.0
621593de0b25,0.0
09705fe36655,0.0
9cdf52bd0cb9,0.0
56256d4adb93,0.0
d2b6d247f14c,0.0
53480ebc1722,1.0
2628e28ae49e,0.0
dfe15f24ebd5,0.0
e15b84fcaf3f,1.0
8c2902b73fd5,0.0
32eba0ab09d2,0.0
f6975d816e1c,0.0
027a05c1867a,0.0
dc57a5aedbb3,0.0
e236900d23ba,1.0
959f2ef21777,1.0
a9d70246f92d,0.0
7e14332d78ac,0.0
019940fea972,1.0
f00fde78cfe9,0.0
6aa364e290f7,0.0
806e99404ac5,0.0
b639dfa0cc1b,0.0
28d8a6c793f2,0.0
93175d1b2d38,1.0
446783a47b07,1.0
e991a246b251,1.0
00d231c16e6f,0.0
18231ea1da2b,1.0
898b170bc4d1,0.0
e3d0b786306d,1.0
b31e257b2ffb,0.0
096b12e3ff0e,0.0
dfa928dd40f5,0.0
e07954eabbbf,0.0
60066a950a44,0.0
4bc5b8660c77,0.0
d15357dc9620,0.0
74ee2e2fdc6b,0.0
80cebbf6054c,0.0
24ac6cd224dc,0.0
f3ffd08dd60f,1.0
4eba6a4cd5e5,1.0
8c7c615b2845,0.0
3673f54adcf3,0.0
7041d4bef54d,0.0
de5c484ca496,0.0
8df27993ff01,0.0
11a3af2438e0,0.0
a05fdffcda16,0.0
bc4a89e3a94f,1.0
4f1924ca8339,1.0
ab05db745171,0.0
83b2a71bb1d1,0.0
d1d54a3f26a5,0.0
4fefa84bd35d,0.0
81fa86ab415f,1.0
b4ca7ff5248e,0.0
7cf45a2d6a5b,1.0
fb1f749595f0,1.0
dc1d611aba20,0.0
209a1a73bc96,0.0
44b02aedde25,0.0
d41c8de67fd1,0.0
822cead37fc4,0.0
77256312ce5b,1.0
1f36a94d786f,0.0
186df3c05b11,1.0
48ee7d3a8f5f,0.0
5d32b8a8c359,0.0
08ad2f624b4c,0.0
62ef10cae5f8,0.0
7c7316c9af04,0.0
2afe6e397598,0.0
aba38b16f904,0.0
196f5013c77c,0.0
a08001917cf0,1.0
0886101e90a7,0.0
69499b4a2faf,0.0
7a81a6dd318e,0.0
ac6812c5f261,0.0
63036b341a4f,0.0
42b40d7bfd8c,0.0
773c67a5e75c,0.0
f870329ab2a6,1.0
2309794e214e,0.0
2bc061d14b07,0.0
a814111ca29e,0.0
1e1e6cebe7a9,0.0
2635b18bb762,0.0
b3d8de51a417,1.0
d473ef11466f,1.0
37d2e9950375,0.0
1f6010ba082d,0.0
93f5fdee58b2,1.0
c23687134e86,0.0
70e0320d2974,0.0
27363d7cc0e7,1.0
f023ad75c837,1.0
f1119eb2fe9b,0.0
b819d63eb830,0.0
02a64aded3db,0.0
7434437569cb,1.0
095c24c36ca3,1.0
0aa281f538ce,1.0
6d855f42632e,1.0
ecf1b0cc8e23,0.0
d64c90d7ce07,1.0
177b14b5db35,0.0
177330983721,1.0
a474c4da0967,0.0
25369767a3ef,0.0
3d900f675727,0.0
38dd635d8cd8,0.0
98a3e45c0f16,0.0
024d4f4cbb77,0.0
c9908f42481e,0.0
c55c3e695851,1.0
91f4b25fa25a,1.0
73a35ba7b8dc,0.0
9dd47ec0180d,0.0
6485301e7dac,0.0
638051f3946d,0.0
157a236caf8e,0.0
7d5692087f9c,0.0
b9f1effa78a7,0.0
539f059369c4,0.0
722ecd22e575,0.0
5b94169f30da,0.0
6a6ce9735404,0.0
13deacd85ebd,0.0
83631319bfbf,0.0
d34b69478845,1.0
88838bd8cb62,1.0
d50c9a3d1eb8,0.0
d89c830b5ff7,0.0
be4f0510f498,0.0
3d7578a11911,0.0
6b8dac9f48e8,1.0
899fc5ea513e,0.0
2ec3bd415b41,0.0
bca19e48a235,0.0
dca118878310,0.0
dd644aac0999,0.0
d79540199f80,1.0
5c6a1558b655,0.0
349b7e132a01,0.0
346fe5022787,1.0
a14e41e54d42,0.0
00d9f7e3182f,0.0
db833b752543,0.0
b234881abdb6,1.0
427d02361d1d,1.0
bf3e6940163e,0.0
f5cefbfa5a69,0.0
55ccd826911e,1.0
65fe805a8f74,0.0
b550dce4e4be,1.0
1a2091565a25,0.0
1623b3173dd8,0.0
25fe7ca72299,0.0
20b8de8b1250,0.0
67e08180ee23,1.0
71ee8beb2ecb,1.0
06f8cf1e5b77,0.0
7ac3c33930f3,0.0
429b52a8faa7,1.0
23a220cfe5c4,0.0
c321610a51fb,0.0
5c74bece30f6,0.0
d65f945e46b0,1.0
76ed79487c9c,1.0
9b4218cccbcb,0.0
341543beba8c,0.0
1aa00ff58b37,1.0
b55df84f5be1,0.0
e417a5f25eaa,0.0
385b4817c685,1.0
ff71b60144d4,1.0
ce890361e5f8,0.0
e205da870be9,0.0
35a7c0bf34af,1.0
e5f88053504b,0.0
fe81fd6a12b0,1.0
7cc8ebcbf1bc,0.0
53d1b4bec91b,1.0
a345fca72b34,0.0
bf36eecb3b87,1.0
40e61c4cae7c,1.0
1967771090b1,0.0
8d1d17ada6ea,0.0
f6de71b61556,0.0
1f6ca03fc34b,0.0
759e605640c6,0.0
84782828f1ef,0.0
1e6ec3103e2c,0.0
16ba516727ea,0.0
8ba9dd4da901,0.0
ed5b428e2ec9,0.0
c05b85a53b5f,1.0
e0fcab63e451,1.0
fabb96670ebc,1.0
78836f05744a,0.0
993486113703,0.0
280e45a22b43,0.0
f1a0a57e0a1e,0.0
c7d3d26e8746,1.0
735fd182ab96,1.0
29dccb849fb0,0.0
944877e0664b,0.0
99c189166a40,0.0
93ae53ae77f8,0.0
bbfc83033ca0,0.0
2bbad8fb218d,1.0
a55c5533e95a,0.0
215e61d14378,0.0
cf68baa74fd5,0.0
b3884d0fb37e,0.0
da889da6daac,0.0
c264b8d9f752,0.0
d27301a82e41,0.0
f493e2ec1daa,0.0
59c3df509b26,0.0
5c2e227faaa2,0.0
79914c802325,0.0
7d6c58f6ec1d,0.0
587cf058286c,1.0
75acce15d8df,0.0
dda59a88dc25,0.0
295a410c44b5,0.0
b70c9e8a3804,0.0
9beca3886db6,1.0
be85e7c9dbdc,0.0
bc0ca990fe82,0.0
b9c2c36e786f,1.0
30f20a5a7dac,0.0
2244f32850d3,0.0
8ac2231e44c1,0.0
48d4db5ee50a,0.0
44dd57d2d348,0.0
03172acfe84c,0.0
b7f61c200d9f,1.0
30c4e3d5594d,0.0
7f15f0d45d88,1.0
158d5a846218,0.0
bd0f397526f7,0.0
95f45954dadd,1.0
e6fac2524cc2,0.0
2e1e74fa7d90,0.0
b0db086467bf,0.0
365e0a33f0b0,0.0
446025bd3c08,0.0
cc08e66c2d4c,0.0
9031dec6f25c,0.0
b63cacb2becf,1.0
f94819f38bc3,0.0
5e2a029e622b,1.0
dd6fda6ac27c,0.0
da09945b845f,0.0
8a8c8b97cddf,0.0
e96aa49f429c,0.0
09ff9a4040d5,0.0
f2f744fb1fbb,1.0
62fa9c9364fc,0.0
a0a9c54bb6d2,1.0
25e77f5f5bc9,0.0
2975dc08393b,0.0
49f376b600c9,0.0
889c030485f1,0.0
aa7b31baf843,1.0
71c310a20b15,0.0
26a9808d0df6,0.0
313aa3609ebc,0.0
3a658aa71723,0.0
8f6d77de659d,0.0
cc3870670df1,0.0
d124b19ac511,1.0
d887fdc8ec02,0.0
01c077ac25f7,0.0
2b4d94e2f8ad,1.0
22a4a7a12af3,0.0
494976c56baf,0.0
d07f711dab03,1.0
1b924c04bad7,0.0
ff8432eb486b,0.0
6095c35de533,0.0
7d667443cd74,1.0
939790fe5430,0.0
e8d538a28d74,1.0
27185838cab2,0.0
30abfe929dee,0.0
d083042b1262,0.0
57d2f0ffb7e1,0.0
d765df819d70,0.0
c09a7cc275f5,0.0
75e4b62a0ae1,0.0
0689b721edc4,0.0
2b6e421fd09a,0.0
cb7fe5f76448,0.0
f93c628d2329,0.0
0ac575ff2827,0.0
1d8d0ad3545c,1.0
ad65a1373255,0.0
46973f0b9c03,0.0
32fef41b01f4,0.0
e8e0f507c7a2,0.0
5cd800329b03,0.0
cc51b8cc99f8,0.0
f77c442aab53,1.0
098c5d50b91d,1.0
8744bf4811f4,1.0
2eb7527a70cf,0.0
764f430e769a,0.0
e7f9c096a2e4,0.0
a42356fc8f4e,1.0
6e646f65dffd,0.0
59a74086ea0e,1.0
1d82c5f3ac7b,0.0
bc01c4307401,1.0
37847b9440e9,0.0
24f5f48186f3,1.0
d54b5f1f7b3c,1.0
f724c57c57e4,0.0
2ac882a93899,1.0
323ffaad9999,0.0
3d04c0c82063,0.0
90716fa57006,0.0
fea05f6b4611,1.0
989f73644435,0.0
17576b10eac9,1.0
37733fba8759,0.0
b10dd3cf6062,0.0
87208eb80f46,0.0
841694a8cad1,0.0
109c3a350450,1.0
22c8d9a64ed5,0.0
c3fa3c13f495,0.0
164c118d94e4,1.0
afc5dcb6f283,0.0
e0927d6bef60,0.0
7c2e317c5567,1.0
587b47d1e97c,0.0
5890e012a0ab,0.0
1194ce7ac7b3,0.0
7516b44b0567,1.0
85ae100089b2,1.0
f759c9246f2f,1.0
2f127b2d954b,0.0
2ae9ec68d757,0.0
2fc0a79164ca,1.0
a22290d4b373,0.0
5e5d2733ef15,1.0
e3dc835cb4ee,0.0
186988cd98f7,0.0
24a086bb1906,0.0
d04a94f472dc,0.0
88771ff991a3,0.0
8427abfc5860,0.0
d852008a689d,1.0
f954c9728f76,1.0
77690e9ff7d3,0.0
80d6c6bf03e1,0.0
5e3d1cb2c58d,0.0
f117316376d7,0.0
836d75b6113f,1.0
a967754d25f3,0.0
4349956493c5,0.0
491f4946eec2,0.0
7fe22ea86816,1.0
ab42c114bde1,0.0
71c04f1cb8fb,0.0
1b2774e8c362,0.0
1575cc4d8804,0.0
2942aaa86803,0.0
ec16463f86e4,1.0
bdc47b6129e7,0.0
a96461a6b1d6,1.0
e73571a78394,1.0
df31fc8efdfb,0.0
30fd55271b20,0.0
7f871f97710d,0.0
0179893a1acf,0.0
65029688e07d,1.0
861e81403a98,0.0
d3e1e7ac2297,0.0
4aa036df98d3,0.0
b8c233d93cab,0.0
f9f48d556f33,1.0
2ce27b62a419,0.0
456e03f27f54,1.0
cb06c998291f,0.0
146ae9b228ff,0.0
6e02934325d0,1.0
1f202bd0f721,0.0
e2dcd31b465a,0.0
ce45efb80cd1,0.0
b33fde1237f3,1.0
3b1c89516ce8,1.0
cd48192e4aac,0.0
443f0e6bbaa5,0.0
86ac1a43da23,0.0
3b97d0387176,0.0
04b81ea7a4e3,1.0
a570474dac13,0.0
226ead728838,0.0
97a2aeafbc4f,1.0
71cf0605bd11,0.0
515461ebf287,0.0
4c5aa342bdcf,0.0
c9a53ab01fed,0.0
e777fdfebe92,0.0
a239f865a4a1,0.0
2ca6aea6b877,0.0
723036c264da,1.0
01e8d53a305a,1.0
f04c40e2e2ab,0.0
6dc50066143b,0.0
11461881d24b,0.0
afcda1800da0,1.0
4f750b39e9b8,0.0
6079a7b7fe5b,0.0
020df5a6d638,0.0
d2ca75c9ee47,1.0
6ac179f0b21d,0.0
22f2cb357317,1.0
7c13a7b371a7,0.0
139e4b189b46,0.0
05d156ea0e75,0.0
102b59ae2fb7,1.0
7342b1445e20,1.0
9e52c7a79038,0.0
69694d9fe561,0.0
48080acb9074,0.0
748b0aed4b9e,0.0
7da4ef5ad494,1.0
7835cb69e2b7,1.0
901763f55025,0.0
b050e5350fc3,1.0
523e0be29210,0.0
e955fd096f18,0.0
a5160aeb1590,0.0
840936519842,0.0
c6f71c42dabc,0.0
dfde69b4b970,0.0
1aa5846a14a7,0.0
67c11b2f7d9f,0.0
3139e3ca8325,0.0
3ea3bdb95bc1,1.0
cde5c6c8aa1f,1.0
71bf1bebddb0,0.0
97f198975a0c,1.0
29daeb955d65,0.0
e74d2382a2b8,0.0
69a9341d93fd,0.0
0e1402c1e532,0.0
a2a16a8aa954,0.0
1cd356ad6455,1.0
08be6b6a5508,0.0
8c72556366f6,1.0
9f0063175bc5,0.0
16c46e85f3d4,0.0
7385f06a87f9,0.0
4e4e51fa906c,0.0
eb206d0784ca,0.0
a44f2292aa73,1.0
796a8d4a9729,0.0
3a21ffb53bba,0.0
327bf222d4ca,1.0
1eb3c3af1896,1.0
51d9cf0100ed,1.0
04e60e1bb1b9,0.0
35847316a077,1.0
826c17df091f,0.0
388ed5b38c0c,0.0
858e510eec1c,0.0
de8a77a9b4e0,1.0
cb56db8c7975,0.0
f7ba7d07fc00,0.0
ee88b9baf9db,1.0
e70ba22fd6be,0.0
fc86136d9576,1.0
766e518fae52,0.0
22289840195f,0.0
17fc62db8831,0.0
a121734e440f,0.0
e085fcde0cb5,0.0
b237cb3a4ebf,0.0
5bb8f95936fc,0.0
40e64064e27e,0.0
2978e6401fc4,0.0
0578334a987d,0.0
fc0ee7fca3e0,0.0
71c4747d2a24,1.0
e8f18a61a138,1.0
f3d0be99b216,0.0
61a14012f2e2,0.0
5ec2bf96a416,0.0
10c89512e691,0.0
9ecd72afdb8d,0.0
1f2d2ce4e25c,0.0
a4ee5e610cb8,1.0
f9518d30c88a,0.0
607cbfa35b8e,0.0
848ea1cc1e05,1.0
f003c71953ac,1.0
156939d6412a,0.0
dd631031204a,0.0
206c521c6b1b,0.0
2faac1de1f76,0.0
fe52e7c60c95,0.0
6ec4af5c4098,0.0
18d46618fb6c,1.0
985463370cb0,0.0
5343ae53234f,0.0
248dc2ca1f19,1.0
f49a1f7aa42e,0.0
2d763d2e5e2e,0.0
3247c4e84334,0.0
616095ed40b8,1.0
355540efb08a,1.0
384552aca63e,0.0
06d87190294d,0.0
c8109b0a5ac1,0.0
a7e6a878f950,0.0
5a24d27777fb,1.0
6a74b8810472,0.0
0ef177e9bbf3,1.0
c29532ef746a,0.0
5a0694ba3404,0.0
38997b75f1e7,0.0
10dcb27e0edc,0.0
50c1d6c3c2f4,0.0
e2ca3a0c1028,0.0
fd84eee19a4b,0.0
de2cdb23f128,1.0
0ce3c142bbe6,0.0
f16557c2f62d,1.0
148247962319,0.0
5b5069f7f286,0.0
2072bc20730b,1.0
7e55901a0f47,0.0
49576f586d14,1.0
636662227d8d,1.0
8bf1e2f0c717,0.0
54d5266c9c24,0.0
679d11b0bb24,0.0
9cc0a8a6f905,1.0
36a6dbb4aa5b,0.0
0da3c3df3579,0.0
ccaadb03e385,0.0
d6d50935fc4b,1.0
29b4b7688683,0.0
985c882f1fa0,0.0
c87cf059347b,1.0
4a4614f4b06c,1.0
da4dc6fac29a,0.0
a5ff7bb71319,1.0
9b32f11f856f,0.0
b55a1b5b307b,0.0
2893cc4b116b,0.0
0a57ab2bbade,0.0
f61553c3148d,0.0
db123dfb90a2,0.0
f2bb2c13ce94,0.0
9bc0ebcbe844,0.0
82a200b2f4c5,0.0
56b98edc9bb7,0.0
c3443e049759,0.0
972e8f779297,1.0
6abab1f978aa,1.0
ecc691325fe3,0.0
ced1568a029a,0.0
039730b92b0e,0.0
eccf6b526fee,0.0
9518d759155b,0.0
1addff682e98,0.0
73708e8e7046,0.0
6220b53eec05,0.0
a504ab2eb05d,0.0
cf130afd835b,0.0
b5b5655cf73a,0.0
fc43b689b3e2,0.0
cb581267d453,0.0
b77ce8287700,0.0
738860f1be0b,0.0
0d09bcb4d0f2,0.0
d954bb1aa8d1,1.0
573455d7c2e5,0.0
edd354af67cb,0.0
7e1523bd6723,1.0
087c411e46d1,0.0
da7ad9e4fa86,1.0
03b05b14c97c,1.0
930b4ceb32d7,0.0
f703aba10372,0.0
e4eaf1ba0851,0.0
3c037d23735f,0.0
016b3ef86f33,1.0
035f96fe74f2,0.0
3c578dc6ee21,1.0
a179976bd499,1.0
3db4d2f77846,0.0
736627be4a52,0.0
af7d7b7ecce6,0.0
24f41513e83c,1.0
735fe2229f6a,0.0
7b617a463877,0.0
7ac779f2247b,0.0
155339e166fc,0.0
29efb13a7044,1.0
07a374924d35,0.0
492f8dc844ed,0.0
997dc447b5ab,0.0
69469f3c5ae4,1.0
cb6ed3eaf7dd,0.0
c0b3f044bed7,0.0
ad078690f062,0.0
154be2a56c82,1.0
f2f3767a907b,0.0
8b612c4d13fd,0.0
aedb276b1f15,0.0
fda7b50e133d,1.0
371acdb8b15b,1.0
186903b514b4,1.0
6d80963b8b78,1.0
5dc930d9b0a2,0.0
0388bad50a57,0.0
83f380488dc3,0.0
938cd8d338ef,0.0
b65b0e17f086,0.0
b05831663897,0.0
27a5fbadfedb,1.0
9d0b241facf5,0.0
80fba93915ed,0.0
bfdb68538625,0.0
cd6e66b40b8b,0.0
8c6d8e9bb704,0.0
e22d912cbb2a,0.0
37a1c98ae470,1.0
a472b1eb4115,0.0
ec14cf216d6e,0.0
af4968e24cee,0.0
8dbee41422d5,1.0
f2be838b8a1c,0.0
453e70d66a54,0.0
ce7340cea7e2,0.0
c71a6734863c,0.0
1d1eaa0a9d5e,0.0
5e9ac1aa4d16,0.0
0c2aef117c0f,0.0
c86bd8fcf0c2,1.0
6c8e7a623a39,0.0
8053c1c0029a,0.0
7c1e2637202c,1.0
09f8461e72b9,0.0
2173fd146051,0.0
aa746940fa13,0.0
25b55f482843,1.0
9542a8f4d42d,0.0
db7496db83e9,0.0
b91e25004c31,0.0
e2b4ec709f2f,0.0
01f1626aff16,0.0
0fdac359c672,1.0
c116d2732b56,0.0
0dcfabd3e1c2,0.0
f05a4e8ee0b8,1.0
2bf65bb75c3f,0.0
87901537da98,0.0
372458fc7b77,0.0
a32603d95644,0.0
70deb995545e,0.0
642abfa63703,0.0
dd21d449b4c7,1.0
be690e66fafd,0.0
ac5046a12e49,0.0
7b59ad63e032,0.0
55bf195f3829,0.0
104232810de4,0.0
0c9d4c929b0f,0.0
f47001e4a799,0.0
8ba82eda6649,1.0
d85e4198588b,0.0
9f6f6122a347,0.0
d5785b2de55e,0.0
ae4bea18a345,0.0
9ee55128583c,0.0
ab37a2c4412a,0.0
7d7d4c73a2ff,1.0
4e7f1064ad6d,0.0
614d1ffc4a2f,1.0
763884dfb1b2,0.0
95760408349c,0.0
bfab7aaf5f66,1.0
6941c097541a,1.0
e4708eb5a711,0.0
a2e652a078b1,0.0
9f76a6ac45b7,0.0
3bbfc36290fd,1.0
9402a69e9d82,0.0
6eed01177959,0.0
80ea213544b5,1.0
2954748918fc,0.0
83c0ef6a688c,1.0
0a5be712c478,0.0
def3674cb29c,0.0
9f6de7559d17,0.0
075243155e9a,1.0
56635224a0c5,0.0
e9965346353a,0.0
384f1838baa7,0.0
649c06e40c59,0.0
3839ed15583b,0.0
d59e6eae64d2,0.0
ffabcd174d6b,0.0
c1def8a9107d,0.0
5fd5222739ce,0.0
28cef2d42d24,0.0
31743355ab03,0.0
e8698f15d139,0.0
229a057473a7,0.0
79e2e37717c8,1.0
d2fede49d80a,1.0
b743994c4bb2,0.0
b7c3899b39df,0.0
3a027d9b5f08,0.0
d090af1bc2f9,0.0
81c563778373,0.0
c6da69210202,0.0
5a22beb39239,0.0
1e3e08f2b62c,0.0
2dec2f158d5c,0.0
3e470f31983e,0.0
586032ede364,1.0
72641d235a2c,0.0
b5d78ec2bcc6,1.0
7bfe8aa301cf,1.0
a103c894802f,0.0
3c3e6a55957a,0.0
9d2d91ceab79,0.0
59c4b264f68b,1.0
6ae4defaf70e,0.0
2c685b7ba2c7,0.0
9ac58217aa81,0.0
97f77af46176,0.0
071eedc8124f,0.0
d91073cb920d,0.0
27e1bc01c272,0.0
bfcdcb30f95d,0.0
eedd3f00e81b,0.0
4b6aade8dc86,0.0
15c89f71568c,0.0
c18b7324e598,0.0
c9b83153e260,0.0
6e9378d7fe0c,0.0
70818942c43d,0.0
1f9a5241ee9b,1.0
620c93d41a27,0.0
155bc81a3e15,1.0
025b2957562c,0.0
ca4f740b5bb0,0.0
dc335c6c05ce,0.0
67ed3fe98103,0.0
a108e774020d,1.0
d94b61a03f2e,0.0
dde2f2671373,0.0
964fe22c01ad,1.0
7e7b0f52cb96,0.0
36fb909d6ed6,0.0
c1ffdee9988d,0.0
0fe19329c173,0.0
994d6fe9647e,0.0
b44197acbff2,0.0
bf1535729c2a,0.0
7acd68386329,1.0
2a075d47ecbc,0.0
7121e492706b,0.0
4ae560078001,1.0
3b111518c3f2,0.0
a5dedc03e4b4,1.0
016430640de9,0.0
e976b2f2cbc1,1.0
83c817cae434,0.0
cdc6d79c7b57,0.0
ed7e716bbc6a,1.0
577633ac270e,0.0
7c6fae7317ab,1.0
b505c4862480,1.0
48b783c4d166,0.0
590b209c127d,0.0
ef3e30e666ee,1.0
95a3f96aebaf,0.0
f0649cc6a676,0.0
a089a9eebd28,0.0
32c52e723555,1.0
caef840227fd,1.0
1290fd45a976,0.0
87416174a77c,0.0
60eb90650c5f,0.0
ea4b9dce0c9d,0.0
31d665e0e4a5,0.0
a1c169ae3e33,1.0
b460ca8b4608,0.0
e260c2ac5caf,0.0
2e8273457b4f,0.0
d81e3311f5b7,1.0
ba8bf3be8d1e,1.0
229ae59777eb,0.0
725b0b267464,0.0
978354ba9bc9,0.0
e46e7d1e3dec,0.0
1c224bb384c2,0.0
068aabdf4eea,0.0
36dbc4da26e2,0.0
6f30726e0811,0.0
c4959f2bb049,0.0
7914f499d2d3,0.0
6487784c2fcc,0.0
d97fc2b72ea8,0.0
d19127ea5037,0.0
1169ef7f89c8,1.0
5fb31b05e645,0.0
2d9d8e63eb8f,0.0
cbe2575a55db,1.0
c05b1f3eb636,1.0
8a5639f8e069,1.0
dd338fa0cd3e,0.0
cc8f3ced2b52,0.0
da9526eb1d73,0.0
d60127c9469a,1.0
9502a3e93d85,0.0
1b043b635813,0.0
b8c94fdcb8a2,1.0
40dd19db77f3,0.0
e76289824da8,1.0
678afb44e081,0.0
fe1594e654b6,0.0
1d0dd1cbd0ae,0.0
afe8cd28c8da,0.0
764039ece1ec,1.0
4773dd54302f,0.0
a62edf8d68e3,0.0
6521d5fbafbc,1.0
49b57f1998ce,0.0
c1b653cb7e19,1.0
d3c62fedc248,1.0
99d54b597612,0.0
a7462948defd,0.0
4da21ccf425e,0.0
4c53a6e55ed1,1.0
4ccdbda6b4b6,1.0
7818352939ad,0.0
b044a68134dc,0.0
8fc673d75277,1.0
0afbf686831b,0.0
1c81f1bf2379,0.0
fe3c5586177f,0.0
062b0e7acfd4,0.0
b1d89e27243d,1.0
794f1e976ad4,1.0
aaa3fe36e68b,0.0
b951b564f66d,0.0
e171ce21c2ac,0.0
be6cbcebb7db,0.0
288b8b58cf1c,0.0
6dbb4a2771e9,1.0
b6099f48042d,1.0
1d8e4816d770,0.0
59048332d0ad,0.0
9989735be967,0.0
9236ba266d0e,0.0
792b96b3ef18,0.0
d32072a019ee,0.0
de818405c2f9,0.0
04d986b0ff6d,0.0
d5fef6d130ae,0.0
70e7392193cb,1.0
fa830e1a1e93,0.0
174b690d3243,0.0
ab1116561cbe,1.0
b86eb0d63713,0.0
cac39b79f988,0.0
7ef71f429ddd,1.0
e84a4a4dd3bf,0.0
c82cca8c7923,0.0
7628a826c9c0,1.0
1ff02ceef144,1.0
4e406b198ee0,0.0
cd372a3c87a0,1.0
92e63a7df32e,0.0
f92048de9d67,1.0
89dabd841100,0.0
18e64b890640,0.0
5810dac9e5dd,0.0
e8b6b869b2b7,0.0
acac10c5f581,1.0
d92db4b68cfc,0.0
285cf0c0d30b,0.0
458086e89713,1.0
7e85114fc810,0.0
6310322183ba,1.0
9dd4b60e0e75,1.0
41558e8a7787,0.0
d4b51e9ce97a,0.0
219411d9e5f1,0.0
403f78bc2c93,0.0
6559747df4ce,0.0
aac544d92563,0.0
f8f7542081aa,0.0
f7ac649dbf69,0.0
d2ccf04ea290,0.0
bfc994258ca2,0.0
1761713a7260,0.0
10e9537b393a,0.0
3fe6ce2c7949,0.0
fa4efeb1d093,0.0
471af8c7654f,0.0
a2540c523e62,1.0
59c7f732dbc5,1.0
f9e7974147ca,0.0
984db1c36fcc,0.0
f4d8b50d5acf,0.0
aa09dd57059b,1.0
68bfd2addf8a,0.0
b4ad7ce9b63a,0.0
e2921e4db7da,0.0
08c948d6bcfb,0.0
cf375b65cb70,0.0
5ce7bbc5c9d3,0.0
696af0891fd2,0.0
68d88b89a586,0.0
b923e741f399,0.0
5654342cf5b5,0.0
8265a6284c33,1.0
be0ed09aaf2d,0.0
dae23ce71593,1.0
302f1ea7f393,0.0
62d51287c7c0,1.0
366843eeab20,0.0
ee92b8d047a9,0.0
b4dda783b202,0.0
ef71ff3f9abe,0.0
3cfcf2f8dcf1,0.0
f66413ff1717,0.0
08b710607999,1.0
d87f6516e63c,0.0
329f3c6f5a40,0.0
47c43aede0b1,0.0
bde27a440794,0.0
ec2ed1b54148,0.0
dba012f12b5d,1.0
110a51d24ae7,0.0
cfed8ad654fd,0.0
0eef87ac6f20,0.0
d6d6278e01d8,0.0
a3db2b767e7c,0.0
40a9e6550db3,0.0
5dd46b55b488,1.0
035dd353d898,0.0
2dd3a7ace0d9,1.0
16de67fdcdc9,0.0
b54feb7cea1a,0.0
27daa9ef4dca,0.0
43d3a47ab984,0.0
f153554755ab,1.0
8a5dc852cd44,0.0
1dad30deaf0a,0.0
434c0fd48918,1.0
dd455aab2262,0.0
10b52365f61e,0.0
1e608d999c25,0.0
6916aae6cb82,0.0
2d3cf2cee808,0.0
97482333ef75,0.0
63d5432de0bc,0.0
5af5123b8276,1.0
4c8f322e333a,0.0
13bdce1280bb,0.0
48ff3a4dedd1,0.0
d9dcb3bdf722,0.0
dd519bb106ff,0.0
a038111e367c,0.0
84a4ac0d0feb,1.0
057f3ef20921,1.0
c0fde9eb8d11,1.0
2a8f43f2b294,0.0
b00a85ad502d,0.0
72c98f443009,0.0
0ff85115ab0b,1.0
619706a9d384,0.0
3de2a2a4c9c9,0.0
22a65053d134,1.0
73a71bb425ab,0.0
f20433988caa,0.0
fe6d879f88a8,1.0
10dbed62bc98,0.0
159116d47c18,0.0
b249dc5d088f,0.0
976cd67eb30a,0.0
1bce4f551469,0.0
85d5279e2949,1.0
be87c6e8dca9,1.0
df1d47d615df,0.0
6856299faf2f,0.0
3998090a21b2,1.0
b8d168a19d38,0.0
65f9d5e56a5c,0.0
8cca12ddc819,0.0
a07e3074db40,1.0
5bfb214b8ce2,0.0
9f02973c753a,0.0
48191d3f65e3,1.0
22eadea84099,0.0
70af1e2c7f42,0.0
4d029a3373ad,0.0
320225cfaa76,1.0
0cfa1869d3e3,0.0
6aaacc80aa72,0.0
40f1d5d8fadc,0.0
31d7caf01a05,0.0
cb879fa26fd0,1.0
95a8b6713aa5,0.0
4dfdad59c1ae,0.0
787a2e704219,0.0
e4e3569da943,0.0
b5551693f474,0.0
1dc57870429a,0.0
56742a8fccb2,0.0
8a321e8c38a5,0.0
7b5342e6f644,0.0
073cc8ae8d49,0.0
13bf6dc33103,1.0
1ba11ae73e49,0.0
901d154c6db5,0.0
d94d835f79f1,0.0
7a842e5e90f7,1.0
6b6040637112,0.0
8191ccb5c017,1.0
ab816ab94127,0.0
59efd3aa130f,0.0
0421bb911b95,1.0
c04f940b1903,0.0
6763a772c8e7,0.0
9c5c126bd18a,0.0
5379f251c571,0.0
2f16d3b6188a,0.0
290ec2630b56,0.0
86aadca408ef,0.0
04c4f5563855,0.0
04bf98889e95,0.0
46a46f2a02b3,0.0
2afe6db0ccd1,0.0
2d52c7cc94be,0.0
b12ca34552c3,0.0
d0aef5520bd5,0.0
ad554bec2cc2,0.0
b7d9314689f3,0.0
f3480e942abb,0.0
d0d234639ef9,0.0
cd93b522c9d9,0.0
ad537e74b78f,1.0
a2dd9623cbcc,0.0
c6d01883a521,1.0
42ee2ac2f24a,1.0
96f659b966b5,0.0
e14a736cba2f,1.0
596382598d74,1.0
e802158ae7ff,0.0
8a6838cff2d4,1.0
8b83952d1daf,0.0
fbfa424443a8,0.0
b0856f884d9d,1.0
78c70a7a9396,1.0
7881a4efacda,0.0
2be7568632f3,0.0
899b6a916887,0.0
013ce5dc674e,0.0
58770fba7db3,0.0
8eba95e49d8d,0.0
1a62a3f55057,1.0
03200b137b8b,0.0
2dc7867e248d,0.0
90b4d8fdb895,0.0
2b3f29d63927,1.0
8638b5e7a113,1.0
f2eb651aa35b,0.0
98e5449639b4,0.0
b9f7688ddf83,0.0
b39f2fb60207,0.0
75e1fe5f16c7,0.0
9274603b1a8b,0.0
cf1bf5755f78,0.0
f4b91516235c,1.0
92613e058f27,0.0
47be2d22c681,1.0
a4038826c50a,0.0
fd41059663bb,0.0
0ba1ed23573e,0.0
a4121059c5e9,0.0
715343d48fce,0.0
5779df3ef586,0.0
00e741e83e41,0.0
f8afa077b92f,0.0
71e152a51a4b,0.0
f6cb77a41254,1.0
2727b11ea3a1,0.0
82ab4a7ada2d,0.0
1dacfece535a,1.0
d9f82641198f,1.0
04f52a92d636,0.0
9e1c9b087c68,1.0
8de7a23c40dc,1.0
f66f1f64848d,1.0
f9178858e887,0.0
4c3e2018d503,0.0
25eb08841d97,1.0
ca3f1c5a2423,0.0
6a0d0aba849b,0.0
749b392d768d,0.0
ff55cefb65bf,0.0
b13257a948af,0.0
19aaf2944b8a,0.0
c111ce382120,0.0
d6a1d84a0724,0.0
a20d16d223a1,0.0
b8810ab93b8a,1.0
8903abb59ae0,0.0
674470c7ebfb,0.0
74849e7e0fc1,1.0
647e9945f613,0.0
6f1916fd2083,0.0
edb09bf97d55,0.0
e93ecade2910,1.0
49aa159558f9,1.0
473b847e135c,0.0
424d4d6e0c86,1.0
f01d0217e86f,1.0
96e908d547be,0.0
b4e28a6a3f02,0.0
9b866d897177,1.0
b60ba2c67aeb,0.0
ceaff0669e95,1.0
63695853eaf8,1.0
0b7b72b69f88,1.0
67424b5cbd04,0.0
7d224b5a8008,0.0
85c389595d2b,0.0
39f742ea0da9,0.0
df22435dacc8,0.0
faee148d2165,0.0
3ff180d2cdb1,0.0
b708a6938cca,0.0
e8c9d1ed2bf6,1.0
45d9d9240a0d,1.0
d677ad15d8e7,1.0
290818cd6add,0.0
52331d103d65,0.0
1fb629b3d3df,0.0
1ba523ec445c,0.0
fb27810d029d,1.0
03046673223a,0.0
e8e3076d80e8,0.0
0a6a6fc1754e,0.0
7128444fbb86,1.0
b7d4cc213a1a,0.0
f4b6b64f987a,0.0
288645550437,0.0
4c47ffdd8a94,0.0
119b347e05f3,0.0
b8526785fd02,0.0
924e2a0087b9,1.0
8946fcb45eef,0.0
bbb2313479b4,0.0
eb31a381a496,1.0
5d9ee6aeea06,0.0
3027850dcbc1,0.0
6cc02ddd6abe,1.0
577399d2e7d6,0.0
6c0f0afa36c6,0.0
7fd00bf66c7d,0.0
4ee18230a1dd,0.0
b1eef81437d9,0.0
5d95b930e5cb,0.0
e62968b486b2,1.0
35f235f0c4f4,0.0
371cc321bd71,0.0
18e7a35b1dd3,0.0
42bf82b3ce55,0.0
718e759bef18,0.0
4ce40a5ef954,0.0
a6ccf0128566,0.0
e11ef3ba44be,0.0
75574fb75bb1,0.0
4b406f5c385a,1.0
989636fa11cc,0.0
1a1d7dda762f,1.0
8178cfc8d03b,0.0
c2512668d5cd,1.0
edf2f191ecc7,0.0
c133abbc825d,0.0
ad064eb0733a,0.0
dc5b81d921cf,0.0
953cd7ae2254,1.0
7f1b37d4298e,0.0
72682b9de4ce,1.0
bb7b49e54fb0,1.0
da0cd2cf58d4,1.0
7a9464a33b54,0.0
a53f036dc44c,0.0
c1abcaca0f0c,0.0
88ceecc3bb43,0.0
4835fc737eda,0.0
2103265c1f91,0.0
9ed0b7387b43,0.0
4ac1d6d04d72,1.0
85fb3513668e,0.0
215e11940095,0.0
c54cf3be0ee2,0.0
01947d4023d6,0.0
18a1734210b7,1.0
1247c8e050c2,0.0
fab72e1fceae,1.0
b4d00dd86479,0.0
22850b17c8a6,0.0
66506f3c7bb4,0.0
758577c8fdd1,0.0
46de26c747c1,0.0
5a45008e39c7,0.0
1f39323cb2cb,0.0
e5c7ff3a5d61,0.0
3239fe3f2893,0.0
6b1953be71c5,0.0
4909b1304a78,0.0
2ec9a2005958,0.0
878fb771bf81,1.0
bca8b8233741,0.0
b2d0e35de149,0.0
adb149916804,0.0
482169a85bf0,1.0
0f90cc3e0f29,1.0
590706154ad0,0.0
b306f77a4d3a,0.0
ae10c01d951b,0.0
3573699e19e4,0.0
0b7f03aab24d,0.0
43110bf05da7,1.0
43b315583b10,1.0
979d44f81285,0.0
ac2be5855c7f,0.0
533cca7d228a,0.0
8ac6729b0834,0.0
91819cc2f8e8,0.0
4da564380443,0.0
c9d8d4e6882a,0.0
30105ead20e5,0.0
a3735434561c,0.0
97935ab1164f,0.0
65b2c837f300,0.0
383103f390ba,1.0
fddb83ca4dc0,0.0
bc52316d718d,1.0
b05654e2b8ff,0.0
76da5424356a,0.0
3d69da584dd2,1.0
d6075ad5a819,0.0
8d0cc7773935,0.0
74f8a55b2b7c,1.0
bc1919f0b486,0.0
a6012d297ee5,0.0
09dda072d8ca,0.0
940c1a1129d2,1.0
a26ce0e2b2d7,0.0
8bedd8353e9a,0.0
1d125aa02493,0.0
f1d599e50631,0.0
a642617a47bc,0.0
7be7fbb79d63,0.0
d109587acd2f,1.0
4b8ed9010bcb,0.0
f9773014ca87,1.0
6e6d9d63ce4b,0.0
a0068f1002a2,1.0
8829bd6324fa,1.0
cb7a2336bf3a,0.0
bc350d5969b5,1.0
bd27a80ff128,0.0
a43358f00375,0.0
66b81396d04d,0.0
7aaa3335ed67,0.0
fa3121470d41,0.0
b1b2852ec85f,0.0
7f31727ad283,1.0
53756894fb4a,0.0
a603364daa10,1.0
f8ce9951b8e9,0.0
7bdfc1557adf,1.0
17c3306faa85,1.0
62fca628498c,0.0
ee9736c93e44,1.0
9beb962dce70,0.0
bc600475b80a,1.0
243cc0826a43,1.0
958ddabae3c6,1.0
db87e350489d,1.0
2959d312e7bb,0.0
c670beca41b9,0.0
713121b3cb40,0.0
a54c29ff7815,0.0
f5b57c9c2d6d,1.0
7a9d52500e62,1.0
8f80be057f14,0.0
a0642aa60d65,0.0
b827eea4d209,1.0
0e7be9c82064,1.0
e8c2f8cdd231,0.0
106170fb92b7,0.0
7d085fea6ef9,0.0
15ae6afe3c35,0.0
d7db5e2bc04c,1.0
de8c10bd6f58,0.0
cf9d81c95ed3,1.0
6f275102a26c,1.0
bf5fa4397d29,0.0
6a906ddea1b1,0.0
d463217a7c62,1.0
daf4468b2b30,0.0
dc87648692f6,0.0
4b9c3048bf94,0.0
a9b04ea67e61,0.0
ea5090cccd64,0.0
a2ecf72a815d,0.0
25e6533f1031,0.0
08b99efadffb,1.0
189fbe0fa6aa,0.0
5a0e79d8b05b,0.0
381349089af2,0.0
47824895a119,1.0
6195c9bf5139,0.0
bba82ff936c2,0.0
66a490265511,1.0
013ad7e71103,0.0
a21687278392,0.0
95fb3d74217b,0.0
66881e40787e,1.0
ace56b63aa49,0.0
0b5329086c4d,1.0
0923a4b40269,0.0
077a01dc662f,0.0
72aae7544985,0.0
fd26223cc8f3,1.0
0fe85f8f85ea,1.0
f87e1b7e8b4a,0.0
4c9451f26e4b,0.0
4049397f07a8,0.0
a6a483ac9d18,0.0
ded653f81289,0.0
44eeb37130ad,0.0
316d4ded0153,0.0
39b1e8f46f4d,0.0
db06afb165be,0.0
6e0a0914c246,0.0
e3c305a1919a,0.0
015e1d26827b,0.0
42449356e583,0.0
58edd7c01ed8,0.0
5bae3945f962,0.0
38586ac741f2,1.0
a0eeb31ae578,0.0
fa4f8c79bd4a,0.0
1c0a4871ccbc,0.0
1fc428805d43,0.0
318c31b27747,1.0
e87d9866c243,1.0
64f27a6fedce,0.0
dae0da83df2d,0.0
e35a13140d4d,0.0
a294df382894,1.0
b9014191e757,1.0
c383a33013ed,0.0
e6263342da86,1.0
248d611e3541,0.0
88dd6d2837cb,0.0
c83373005bee,0.0
e72dfd5aa7c5,0.0
89b80d5ea5f1,0.0
995166ab442b,0.0
102def4e90ec,1.0
573357db92e8,0.0
b01da136d465,0.0
da77b561546b,0.0
c2e35eb5407c,0.0
7f7b2419bdd3,0.0
947ff279fcd4,0.0
21f1d6becd46,0.0
425dff891178,0.0
f5a6be1e7955,0.0
d52b6c910e31,0.0
5023ab80d96e,0.0
a0aebac90da7,0.0
57102a94e79f,0.0
81652b679bfa,0.0
7302baa31a9c,0.0
c01660a0a0da,0.0
50705df7ed68,1.0
6832e5dedfc9,0.0
14a50de8cd6a,0.0
a39c84d2c07c,0.0
73cefc565473,0.0
f13010c1276b,1.0
1026f5943f31,0.0
06f7be536692,1.0
124d58130188,0.0
5b36be053655,0.0
fdaa06298648,0.0
8e71d2b810cb,0.0
73c715e14ef1,0.0
6d1bfdf33788,1.0
9317ead296d4,0.0
ece427d0ea4e,0.0
64b441edfdae,0.0
21e9312d9674,0.0
c5daa9c6d90d,0.0
822241ecf37e,0.0
3c35ccec838b,0.0
9d131e511e70,0.0
77b08bfaa57f,0.0
d059fd2ce729,0.0
89a7304c932f,0.0
f5d26f55aa53,1.0
009ae6585b1f,0.0
90f5f1a2b28f,1.0
24c2fe95c382,1.0
c40cb315eb44,1.0
acb132e22d04,0.0
0755bfdfedd5,0.0
0bf8a5aac6c1,1.0
25b696cfc2f2,0.0
4dc53085acf6,0.0
5db19819ea9b,1.0
e3115ecb7266,0.0
67a0cb59cb05,1.0
19745310bf42,1.0
791a150e6c79,0.0
5a94cce19d43,0.0
b7e2e0b792f3,1.0
b662fa4aa402,0.0
a7bb814a1e6e,0.0
290d44c8dc4c,0.0
76903986842e,0.0
301718bc1cc0,1.0
faf162a0977d,0.0
bac7ed5642e2,0.0
a77cfc1c5261,1.0
c1668118ae31,1.0
8d36d55e77ac,1.0
4321b148268d,1.0
cb0f1a793cc6,0.0
3d505657b4b7,0.0
b22008ecb8d1,0.0
6fd887a79f53,1.0
1c951a84f3e4,0.0
5cef8f7fd14e,0.0
29a0b645140f,1.0
f67df441b82a,0.0
d24ceb7498b7,0.0
1ada0fd615b1,1.0
9aee04633433,0.0
961bb151a1b7,1.0
5e5ab33fb921,0.0
9f5672c8de9e,0.0
0e08aac7b482,0.0
893a42a97940,0.0
1bd2c38c07b1,1.0
6b9e9346ef64,0.0
0fe369fcba98,1.0
5597576a183c,0.0
e98fbef1b5f3,0.0
5f26f75abfeb,0.0
c6b7d096f8c5,1.0
8ffe02378e2d,0.0
f64e3e2e3475,1.0
31940486333a,1.0
538a61db1b30,0.0
a40935da977e,0.0
94e03f89b150,0.0
8173e4829b0b,0.0
05d24822e3a2,0.0
e8100c3918a8,1.0
3ecaab674eac,1.0
4b257d9caf69,0.0
e0c82bc82efd,0.0
01b7bbdf96dc,0.0
a06846eb44fd,1.0
d0446b6f4fd0,0.0
39cc9e2f5adc,0.0
bdde052c54af,0.0
064e59c5de16,1.0
54a4605bbd72,0.0
62fb5d05cfe0,0.0
c081a4b8e7c2,0.0
ade0e19e54d9,0.0
68b679d20cea,0.0
0a0103349b70,0.0
acef19ff3ba9,0.0
acd829eed856,0.0
343ed4f7b0bc,0.0
483c4992a932,0.0
f0cee0d66bdc,1.0
61b532c16d54,0.0
56b5a83d9645,0.0
899e6fd5f05b,1.0
d99beb568737,0.0
e8c8467d2331,1.0
0fa0b31540c3,0.0
fafa436a25f7,0.0
7961516166ef,0.0
66affc398b7e,0.0
7d3d4bdec510,0.0
fd0835ebb39b,0.0
72ff6ac2fed5,0.0
0a4600dd8ce0,0.0
0a6112d314bb,0.0
b7622412c1e6,0.0
c84fba86b565,1.0
7f4e7ffb763e,1.0
fe6ef3f755aa,0.0
e0483a7ef097,0.0
7f5472680cad,0.0
498bdcc9873d,0.0
51f116e05d52,0.0
f9c7fe26b743,0.0
a05b08ddc381,0.0
54e5732e681e,1.0
5f507a239c07,0.0
34e3bf6cca22,1.0
23d7d33593ae,0.0
047d2dc056ed,0.0
d8af59178513,0.0
5c65234600da,0.0
e9937e1837de,1.0
4d14bc81b345,0.0
59293638b911,0.0
a6dfb7f677cf,0.0
eed9e170308e,0.0
5d1c39ec7496,0.0
90df696bbe3d,1.0
df72f01d6fdd,0.0
92fa1eada0a3,0.0
5c1ce5006e32,0.0
ea4214a5cf76,1.0
37db431bd1f9,1.0
d031fccc6cbb,0.0
ca235b5091ee,0.0
417e5f8e5036,0.0
36df3f95de5a,0.0
133328645827,0.0
e345e2774b66,0.0
4f550854e389,0.0
6afefc8ad781,1.0
49a4e08c1e13,1.0
b63a9fb3d979,0.0
55fca4cfa97b,1.0
832d4dec5e6c,0.0
5509ea9aba98,0.0
2eaf53c5c661,1.0
1157d5273bdd,0.0
20486c32727e,1.0
bde7faf918c6,0.0
bac2a194b695,1.0
46071f65f78c,0.0
19722085c259,0.0
d72ac62825f2,0.0
a42c9b654230,0.0
5c83f31752f2,0.0
a7bc1acea81e,0.0
38ca9aebc8a9,0.0
507d8ae4080f,0.0
d1add6181f1d,0.0
5acd330a4ff4,1.0
bbca68f6d908,0.0
f9c05a02981a,0.0
d6c327dfc32d,0.0
63428521c821,0.0
813540ef955e,1.0
f41a45a3572b,0.0
65259f37cfbc,0.0
c7fa6ab682c2,0.0
1394a60bfca3,0.0
99cf0f464abb,1.0
31456716a83a,1.0
362d6714b742,1.0
2d6d3ece1d60,0.0
004193b74a30,0.0
0312fd211875,1.0
1b0e1a20889b,1.0
14d277eea3bd,0.0
a7128f0eddfb,0.0
81863a404f3e,0.0
ada2294ce60f,0.0
1c745f26ad8b,0.0
bf5a50366e2b,1.0
15100f69db14,0.0
74e7db79bbc8,0.0
12fb750bffd0,0.0
52c3f5345aca,0.0
4ea29844d77d,1.0
a46f86993044,0.0
a652815f1308,0.0
28c646b0ec54,0.0
65231f1198d8,0.0
311c0ece6538,0.0
56a58f13d116,0.0
3fcb03213e2a,1.0
e2c71b3cd291,0.0
c79904c779e7,0.0
582b1b35f0cb,0.0
101995c38137,1.0
4566fb478d85,0.0
c2ff0b9c6f24,0.0
5dcddd719863,0.0
9327da217752,0.0
bb2c2491286a,0.0
6821efc54957,1.0
35c01a076f8a,1.0
9fdb01a4c7a9,0.0
898a5b920f79,0.0
5d6e13a19cbc,0.0
b3995758282a,0.0
c3683f37f7ba,0.0
f792e1a4f8d4,0.0
1a39335d46ef,0.0
b0f714c4223d,1.0
71476e019eac,0.0
92eac2e32c34,1.0
26e1a01d63cf,1.0
b3edd07b4d26,0.0
49778b798398,0.0
bc855960a81d,0.0
6204a97fe0a6,0.0
906a0bde2402,1.0
63121ccbc594,0.0
8e9ecb0817c3,0.0
62935eca5b76,0.0
d5764590ebdd,0.0
ade7a9a9dc98,0.0
bf23e8f0c581,0.0
2331507bd669,1.0
764749bdc28b,0.0
5fdf015d194a,0.0
9fb514501e09,1.0
e0c3e3d52fee,0.0
5aeb4826158f,0.0
f42b0f34f2a0,0.0
12b33760279c,1.0
18aa625f3900,0.0
40aa0aaaf85c,0.0
1e655fe8bc4a,0.0
a589f47ec1fb,0.0
bd5be6f89888,0.0
55e8c39404b3,0.0
2719f5a3f84b,0.0
868244f42744,0.0
6394d8c742c0,1.0
22b50f53953f,0.0
e64800e35c77,0.0
a10b22d786e9,0.0
f1cf98d973e7,0.0
5604f8185d4f,0.0
cd1558f824b4,0.0
749d5955725f,1.0
173a4fd8726f,1.0
f57f1b85e879,0.0
ebba819c9f3b,1.0
39fffcc8ced9,0.0
e57c72673c4a,0.0
3cea1083b3d8,0.0
f386598d5213,0.0
84acb6596a57,0.0
3ea17cf7d7c5,0.0
726f52d11473,0.0
996b36dfb2e9,1.0
3de3701cc3f7,0.0
250616ac6614,0.0
db65a3c1d7dc,0.0
67536d367eee,0.0
aaeadcab7f20,0.0
96318dbbf61f,0.0
a4aa18f1ba25,0.0
eaf96119a0a1,0.0
285b3e544807,0.0
2345f227abda,0.0
00756a41d670,0.0
dcf008a98bf9,0.0
7269f1f40016,1.0
6914403f486c,0.0
2cf69fbd73b4,0.0
7982b4be8035,0.0
897390cf7bff,0.0
09e20d7e0fa9,0.0
42274c904993,0.0
a23abb47e126,0.0
7278bc90e781,0.0
cb481c143c06,1.0
436a5992273d,1.0
d3c8b40d91ad,0.0
6c8cf25ac00b,0.0
2f3e5e93839d,1.0
fbd0bf3b164a,0.0
dfdb46e2fcac,1.0
6fb666c487d7,0.0
85b5ca6637a7,0.0
0cc9c0026b62,1.0
956754124737,0.0
818351f65c93,0.0
ed5377cec090,0.0
2d34d924594a,0.0
3fe930dcfe40,1.0
e48f108cd5ea,0.0
3831c73dd2a7,0.0
6b1e179e0e95,0.0
af19ecdfcb63,1.0
0bf6b0dce9ee,1.0
627484a8db7e,0.0
5b1fc6fb4c8a,0.0
c81ecec269b9,1.0
060d6a6ae01c,1.0
8d63cd68baae,1.0
40dbba6662a0,1.0
abe51e73f67b,0.0
8357e1be1fa8,0.0
1414904f209f,1.0
6f7cbc7261a0,0.0
a8c390923554,1.0
9972c802e455,1.0
9a0ce971c986,0.0
83e626eaa7fa,0.0
0cff9ff48ae0,0.0
efafd774c644,0.0
cbdbe185608f,1.0
d5823f9e390a,0.0
d7a8ae362894,1.0
3719d40bb5a7,1.0
2562b3589378,1.0
d8f58a70a477,0.0
182b51f770e4,0.0
68dd99c184f3,0.0
45c20be0a51b,0.0
83163695e611,0.0
397fe5a4a6d2,0.0
5d6772a5487b,0.0
23da59ef5e5f,0.0
3bbadd8f2d7c,0.0
7b42cadc8ca6,0.0
807dc6b5cd98,0.0
b0c237b20d00,0.0
1b050fb7e1e5,0.0
0f61ff36c762,1.0
b241773e6130,0.0
6f36ab7180e5,0.0
8b46b7447361,0.0
ef1d8ffd7f30,1.0
04fba97a791d,0.0
05c00880ecaa,0.0
c500ea9d9e5a,0.0
48afbe624351,0.0
b7d7b2e3d250,0.0
5df35b6d4adc,0.0
12db11ba9cd3,1.0
fec7fc80bba5,0.0
c2dd3f744e86,0.0
6d1542482bd7,0.0
1c2800fb7954,0.0
60cf21991009,0.0
21b930ee9c72,0.0
de52073e4fc4,1.0
7497c1b1bb4e,0.0
4a5d74449f23,1.0
6dc8503ca92c,0.0
9fab990fd64b,0.0
32f0ae54b1b4,0.0
e24b8326e69f,0.0
9db982e30873,0.0
7ec1d48a6126,0.0
a270bdab2037,0.0
a60dc7486619,0.0
e06ddbeeae87,0.0
656239a9cff9,0.0
bd3d7f7db402,0.0
7da5fbadd89d,1.0
3d7acda2d7bb,0.0
d6866377086e,0.0
c384cbe714ee,1.0
69772fe83090,1.0
938b96109351,0.0
1d6153509d12,0.0
623aca735fbf,1.0
180db0423361,1.0
fef82bd39e26,0.0
860cefc7909a,0.0
d42c53f9810d,1.0
3d77f4b93d1c,0.0
bb646c9bfe51,0.0
aac7c2a6b210,0.0
60586450766f,0.0
8269b27fc6f9,0.0
2e58361415bf,1.0
b19a9d1c7d87,1.0
654b65d06b61,0.0
26eb68e166a9,0.0
48c12a88cc6b,0.0
ce4b4872c78a,1.0
4148fa700806,0.0
809ee4dd1920,0.0
03693b2cac04,0.0
16b6fe240af6,0.0
a448838ca2d9,1.0
27a828770fe9,1.0
6fe9aff0a5d4,1.0
1a174a5e06d3,0.0
d691c28158fb,0.0
afda3c8f65f0,1.0
d858d6275790,0.0
2823f32d711a,0.0
94b8fa72aff8,0.0
744f6a0e3634,1.0
29ca51ff9e18,0.0
6ef606dd3581,0.0
74cd11abd405,0.0
88b7ab0fa8f4,0.0
ebac068fa733,0.0
d38f81206ce4,0.0
3292c674d17e,0.0
585037526b5a,1.0
57f16abb32c1,0.0
f40db38b60e3,0.0
6c5c57b5e2d8,0.0
ceae28e52ce5,0.0
7d75b846c338,0.0
c92b4c18f0e4,0.0
f0f2893e9583,0.0
16bfb05637dd,0.0
b533c566cfd3,0.0
a6f448807774,0.0
93c7d71bbcab,0.0
57b6c0b0c9a3,0.0
197b4c96fddd,0.0
630f340ba159,0.0
b06c1fbd09f8,1.0
8030545524c3,1.0
1d0d5e3f8e6c,0.0
a721ce1fee74,1.0
e918d27716a3,1.0
451ade0e2cbb,0.0
bfff981f8111,0.0
57a29fdf9800,0.0
c8456a0aa148,1.0
1e8299188374,0.0
f2ea5f1e2218,1.0
0223b15bf2f8,0.0
f4dec91ab941,0.0
8a2dfd857a69,1.0
07d3053bd052,0.0
0c5ea4d695c5,0.0
1d0911547194,0.0
5e3332df60e0,0.0
6c7590548843,1.0
d7f86dbcbb8f,1.0
fbdf92786131,0.0
fb867683faf9,1.0
3b4fff7f75e8,0.0
d1e5bb0aaa56,0.0
bb8e7ad476f3,0.0
e05da832f14b,1.0
1d78f39e7800,1.0
f54b1eb78b27,0.0
6634842cf4d9,0.0
51c4c2e8fc8e,1.0
e9de0155bf3a,1.0
a0a2fe6a348e,0.0
543a7055196f,1.0
c6b4beacc904,0.0
99720bdadfe7,0.0
32018899fb16,0.0
3af0e26a322f,1.0
c0ef391363d0,1.0
fd37d6b8e517,0.0
0a665bab0b05,0.0
c14b390db95f,0.0
003171c5d4df,1.0
2cab87ec9a62,0.0
4bba82b062d7,0.0
f6e6bcb7e0e6,0.0
3e65039279c8,0.0
e09b7795c69a,1.0
a585d55db144,0.0
e8ecc508cb63,0.0
45af45099c9f,1.0
3a0aaf790b3f,1.0
69a77b3458d2,0.0
f0b755b5e492,0.0
ec8f9c0ca04e,0.0
d935828d18f4,1.0
520f9102ed50,0.0
04b8588d3be6,1.0
02576eb5ca3d,0.0
e113de0e1baa,1.0
954a197fef53,1.0
a217f6820f99,1.0
ab36236e5798,1.0
9297474ae774,0.0
d54f2144ba9a,1.0
7fa01b1a24a5,0.0
ebac18271492,0.0
37fdc2c1478b,1.0
61f35c9841fa,0.0
b07ffb5fac9f,0.0
fef675e80050,0.0
508ab6b5e324,1.0
dafbdc312899,0.0
34aef8b47c5f,0.0
8f9dc5fbab0e,0.0
812d3bacf2fe,0.0
f7a18be4df9b,0.0
ea10452b8d7e,1.0
4c30d8faef4c,0.0
8c5967f579de,0.0
8ebc82a9bc1f,0.0
a39c5e934e04,0.0
04cce3082ef1,0.0
b647f4cc2daf,0.0
05955e7d9701,0.0
0451f7b8285d,0.0
6a9e54d260f3,0.0
33ab9f4df482,0.0
6856952197c0,0.0
5d78813ed4e8,0.0
a12502c466cd,0.0
62d8f0e4a5fe,0.0
6c73ca7e4ebd,0.0
0539a6b0fb22,1.0
9ea1b8bd8961,0.0
9d7c0b816d94,1.0
9e4950530d28,0.0
711279643432,0.0
40034e2467e3,1.0
89ee8e7e0b1c,0.0
7fc9b4746093,0.0
48540843ac08,1.0
82641e781ea9,0.0
e1214738578d,1.0
a4d20b78c7f8,0.0
e0884a701be5,0.0
9c4a4b5dff63,0.0
f696f71d42d0,0.0
7eec32ad3ef2,0.0
6766240ab220,0.0
7df22d85a9a7,0.0
1392b06166b0,0.0
033cdcce34ed,0.0
28eaf4808e8e,1.0
8f277c47a3a5,1.0
7a7b7fcd63f6,0.0
2467217973da,0.0
80c4e188428f,0.0
c157f95f0c48,1.0
e19bd76db8d4,1.0
8f2679e4a5c0,1.0
dc88f3ce2144,1.0
aaf5faef14ee,0.0
c251faed7658,0.0
15f7ebc83ba0,0.0
176a4356e63c,1.0
1022ab3ed477,1.0
2144af98e264,0.0
63986a4e2eff,1.0
a1bd29862417,0.0
d27addd938c2,0.0
c7f7bd4ce388,1.0
0e7a94b0e54c,0.0
dca3cdea0746,0.0
cc9815cb6d90,0.0
dce450c5cc95,0.0
3793680ce6c7,0.0
2f5b53821d4f,1.0
2f50a4bbe8c3,0.0
da166ce22c61,0.0
32f70d1d96e7,0.0
bf11c6562f56,0.0
e2a69b9d8117,0.0
6fc8c229ce07,1.0
03b49e3b38f0,0.0
e2ddc2661188,1.0
627567f852d8,0.0
1302060a3370,0.0
cc55670971ff,0.0
87096c19e7e4,1.0
5cc46dac4d89,1.0
dcd7f70a05c4,0.0
a664945b11f7,0.0
29c304e0296b,1.0
505cf69c521d,0.0
66581668370a,0.0
e4841527ce76,0.0
6d6b40e8a125,0.0
48fb7d8d232c,1.0
8f1e38876442,1.0
e4d59f1d8887,0.0
51b2d36101ca,0.0
9a17adff8ff6,0.0
2b5e33b3869a,0.0
84bd5ea532ae,1.0
16dc056b716a,0.0
1bfebdb28e2d,0.0
e5f089906834,0.0
75ac8ad6943a,0.0
0a7a00342959,0.0
f19aa382824f,0.0
c3f8bc822e42,0.0
5bfabff18cea,0.0
6138c0164b7f,0.0
00c1aed4e000,1.0
d1f996d1ee38,1.0
a896e83131f4,0.0
a6fc4763ec15,1.0
efc93dce320f,0.0
f9bc210ac10f,0.0
46784ff6f3d9,0.0
3d9509e6fcb4,1.0
0b60f1233566,0.0
77c431d19aae,0.0
6ecff525b3a5,0.0
e85d39df2b7d,0.0
1f5039fb9426,0.0
d2b5b7478cd8,0.0
599311b2d3ad,0.0
d93c3926b952,0.0
0d35e7754f25,1.0
2d2ac381436d,1.0
1a2274a77049,0.0
5aed2a0efb38,0.0
761eb7d03c7e,0.0
14a5bbd9d47b,0.0
8850f97733f4,0.0
9d5629dd3df5,0.0
90454e480973,1.0
1b4be75b789b,0.0
ebbcce3f6a67,0.0
cad60cf63f8d,0.0
b1c8a2355cb7,0.0
46c7888b65d6,0.0
d176b09cb617,0.0
984eda0308b0,0.0
37998e81cbf5,0.0
538c56734aa0,1.0
fed08abeb2e5,1.0
abd37cf99d60,1.0
b5685209955f,0.0
ace3d6f7e6a8,1.0
4061309a6559,1.0
83c32324c291,0.0
cc164e7e0835,0.0
05f6e438e6a6,0.0
3046a8a5f239,1.0
61cb154c6a5b,0.0
3f0a5d4dd27a,0.0
569a6cff25ae,0.0
7d598e3aa159,1.0
cdf29851e1da,0.0
54bb134e1e73,0.0
fada18b55866,0.0
50e33c4236bb,0.0
412f87a7dce5,1.0
b7d7b46ebd94,1.0
8ef65ff0c910,0.0
b717d0cffd8a,0.0
96edcfeb092d,0.0
39e83baa8590,0.0
3f79db6d4349,0.0
f50f13f6a7e1,0.0
ab8022873f3a,1.0
b47e1cccf76a,0.0
0e0453907250,0.0
46bd95540d98,0.0
4d55c78dd0be,1.0
6035865867cb,1.0
83df935dc1e4,1.0
0dbb86b8f76e,0.0
e2e7ad679b37,0.0
41339b8ed8a3,0.0
cf22cc458fff,0.0
3540f1a4d3cc,0.0
5ca09913db2b,1.0
46f5f31325fc,0.0
f630536325c1,1.0
8be0bf174869,1.0
e99fe6021ea2,0.0
81ef69c8c846,0.0
1dbf23f3addd,0.0
447e910393ea,0.0
a2320d792b7d,0.0
cecee3eed572,1.0
6318c92ee9e4,0.0
2022eef946fc,1.0
0db8cc546fea,1.0
fba2ff794830,0.0
bf478f228d5b,0.0
6bb92edb54c0,0.0
f5a55e98765c,1.0
85994bd7365f,1.0
74901268a408,0.0
b8874cc6996b,0.0
eedbfcef4b9a,0.0
10f031355275,0.0
91a54b3064c9,0.0
1a0e4e907cb8,0.0
6a44ab6470b0,0.0
65cc65a47d0f,0.0
c2914621dece,1.0
008fa4278436,0.0
83b054c35ade,0.0
08d5e26df5c6,0.0
cc3840d3830f,0.0
b4a0fae7ae07,0.0
322a91890c0a,0.0
7eed23be9c4c,0.0
26d83904c590,0.0
d696debf233a,1.0
6279929c9d51,0.0
0468eb5cdec4,0.0
400b92060ebd,0.0
77fe546c844d,0.0
3da0429cf828,0.0
b348bfb534e1,1.0
607a4ad7abf0,0.0
e8615d76a195,0.0
c8c16c83f3ce,1.0
2a1ebe8570cf,0.0
ade03b6c0c79,0.0
b9b0ef6b0849,1.0
3327b83148f0,0.0
85a9b166bdf3,0.0
f7dd745ceff9,1.0
87824ca59462,0.0
a62e5def71da,0.0
8929111eb5c9,0.0
19d3155348eb,1.0
a1dd0ffa3531,0.0
486e8cf7e4da,0.0
4aa7b2b2d3b5,1.0
67f355097167,0.0
08e9edbb1ae3,0.0
c5c32c5e7899,0.0
487c69b74693,0.0
306e12723690,0.0
bb0c1e0cea45,0.0
452a86723c0f,0.0
c51aedb555e1,0.0
b917313a9665,0.0
ce9b257bb706,1.0
a51e518bd434,1.0
02e474c5ddd4,0.0
abf474ca9ff0,0.0
267e334808a8,0.0
8dc2c486b49e,0.0
664f674c6715,1.0
a7d7045ff8cb,0.0
94cf5688813d,0.0
5bf24bdc2a62,0.0
80c12680e81a,0.0
f2f55cc23b27,0.0
46afa7a5cd1e,0.0
fa89a654a1ed,0.0
9f69697cfff2,0.0
8cf75c53aaf8,0.0
52a501678e4a,0.0
39c097f9870a,0.0
3cafbab382d0,0.0
e0e1b3989003,0.0
cf54669b640f,0.0
669535fa800c,0.0
742594e798a4,0.0
f61adcdd1f7c,1.0
39332c6955cc,1.0
d94a8fae84f2,0.0
100f2628299b,0.0
37439d54a377,1.0
4eac2ad105b2,0.0
83fbb76bac3d,1.0
9df469bd412a,0.0
c0beb5620a40,0.0
4de8020a25f4,0.0
afd7f0e2b56f,0.0
fecb59951729,0.0
4bfa62b9259f,0.0
0171a4365f7e,0.0
12d2429ba41d,0.0
723c2ec20c3c,0.0
16f7c1e917c7,0.0
9cd07ae8c9e9,0.0
986f5d85b2de,1.0
3e1a09af0bb2,0.0
8036dd19add6,1.0
58a14fef7ddd,1.0
0015e2902c98,1.0
17b8c0f627a4,1.0
6862e91e8bce,1.0
8206dd41ceb0,1.0
acee8357f73a,0.0
431d5a500bbb,0.0
8e7fbf2cda51,0.0
9e57f31d52f5,0.0
f891a593e399,0.0
746cbe863de9,1.0
f97ae082a13a,0.0
21ff8921b111,0.0
75e72a9ee61b,0.0
0abd40f64d1a,0.0
89ac45b7001c,0.0
8695f38e4248,0.0
7583f1350c96,0.0
05b9cea313a4,1.0
ccc4b5f88597,0.0
9a8ea7a432af,0.0
8f7c67c17074,0.0
932695ca732d,0.0
5e7cf3650d8d,0.0
1ec4cd99a9fd,1.0
3874ab6b3388,1.0
0033c2f416bb,1.0
765ee8c174ef,0.0
4fb2d0b689a1,0.0
7ca423008816,0.0
d3bf691082ae,0.0
c743684c9c2a,0.0
62221605ed36,0.0
eef5c4d7d291,0.0
821aa4943ca4,1.0
0df067b99a5f,0.0
988496912d51,0.0
2e8dba68280e,1.0
bc18fd8b3ca3,0.0
4d3ffd88df08,0.0
ce4e0e60b85f,1.0
80a299811de6,0.0
af0c216cbe29,0.0
7d694241ca2e,0.0
a06784025be4,0.0
bd8645f5c711,0.0
5e27da42b9ee,0.0
622fac3f9bd9,1.0
01b9f01c2788,0.0
7f8b9f1a2349,0.0
f3736c1a196e,0.0
c0a45f06ccf8,0.0
ec66e95cd942,1.0
e37a2fcd56de,0.0
3b55563c63e0,0.0
20129424e58d,0.0
398e2dfca6e1,0.0
f406d63a654a,0.0
34a7ffce64b1,0.0
71cb74a21f81,0.0
10c3f5627b7d,0.0
4c4d8c17a8d3,0.0
2ea50d905bb8,0.0
07d39571b095,1.0
7297250e1c5c,0.0
67cf1cb856d0,0.0
6bc1534f6003,0.0
5fbaa8367cfd,1.0
fefbf3eb2836,0.0
ae1c69b67f26,0.0
368f18906664,0.0
f28dd736fd31,1.0
20ac4c83aac0,0.0
40e89ba3339a,0.0
924204085bec,0.0
a6b008cc3bf2,0.0
52960df3a2a9,0.0
12e903709a25,0.0
71a0fe7ad428,1.0
a436d6801d35,1.0
dcb4627c9831,1.0
eb3b96f81251,0.0
5405492dd4c0,0.0
25905698790b,0.0
a9c8211dcc89,1.0
e6403afcb770,1.0
2e2d078fb81c,0.0
bc25480693cf,0.0
c129943c0141,1.0
1f8c5ef3e892,0.0
3411402d5497,0.0
dd49aa14453b,0.0
e547fcdf7c3f,1.0
a6ad9195670c,0.0
242cd875e6fb,0.0
bd713c135c37,0.0
5075428106c2,0.0
9e4d51884e98,0.0
e3c99468b351,0.0
0c364c559ff6,0.0
0abeca24403f,1.0
1cad67a78b8a,0.0
4acf4111d87a,0.0
270f6efc1ca8,0.0
5760468901c1,0.0
7c7dc0039aa2,0.0
e429d417b5f6,0.0
e0d08d7a4937,1.0
fff815b220e0,0.0
ef0d56be61f7,1.0
38bdc51e2374,0.0
7a568f895656,0.0
1cea9972fa8a,0.0
fdc506bebb07,0.0
188fc4332d18,1.0
5a2a2468eb82,0.0
cb9b2f3adaa7,0.0
55fdbc308547,0.0
4a36c910cc5a,1.0
7ae5bded756c,1.0
8830dc7f3e21,0.0
92fb5fd51043,0.0
5fbe3343bbef,0.0
1bbfe058dd3c,0.0
65eb46a00c7b,0.0
2fe38b516e2b,1.0
dd41e3ac2351,1.0
3dbaa873ee43,0.0
0fc9e6ac02b3,0.0
034fbb3d95da,1.0
129dd18a1092,0.0
216f7287a004,1.0
1138ca46dff6,0.0
c662714cf2ed,0.0
d5a62fb1f1c7,0.0
bbc8c4cc702d,1.0
99695db9ba26,0.0
9c8ef5083c6d,0.0
b1f9cd03e1f6,0.0
a18909116af6,0.0
7cf65051f93e,1.0
7cc19ece61e4,0.0
b3326483c879,0.0
d304b4171be4,0.0
0d6a1bfcfe73,0.0
144e25dc7bf3,0.0
4957f6d71dee,0.0
affed8305792,0.0
e64df679770d,0.0
ce478cefe472,0.0
fd906216909b,0.0
bfd7827e74cd,1.0
11b069edc849,0.0
b1126001382c,0.0
82f85d38a2b5,0.0
84116f2d4b3a,0.0
3151f9817694,0.0
3d3ecceed50a,0.0
491cbc96156c,1.0
6557f4c5db67,0.0
4535733b4a7a,0.0
2fea662edfec,0.0
31841092d64c,0.0
f2c60233be44,0.0
5f7331a9c557,0.0
d1b9fcc69915,0.0
9b537bee5f6b,1.0
96d68a8da7c0,0.0
94e2e697e4aa,0.0
57e6ce3be6c3,0.0
307d073ea53a,0.0
f0e9b5daeb27,0.0
ef0086dbc2a1,1.0
3ada4466c12a,0.0
5b1d3ac1b5b1,1.0
d0b68a8856e5,0.0
32679234680a,0.0
553b27a92c10,1.0
59b02923e14f,0.0
5b097b36253e,1.0
24291c82646c,0.0
cb7db48407a9,0.0
5b42f77a0c7e,0.0
06b0beb0bc68,0.0
22d1ca01d2fa,1.0
86481212228a,0.0
e882b0b7c646,0.0
8b363ab42361,0.0
2621414a266d,0.0
f1046f51e318,0.0
18e47baa5c2d,0.0
e5945aaa9c73,0.0
64a6caad434d,1.0
84a11f692eb9,0.0
5bf122413c15,0.0
56403f22e3d2,0.0
ba1100238ac2,1.0
7c4b4e7060ee,0.0
ea1be780d776,0.0
351777a0e4eb,0.0
a80f09940960,0.0
1eda5f8027b1,0.0
9dbac2e6e98c,0.0
c166dc09e3e3,0.0
21a47efe651e,0.0
86bfcc50dbf0,0.0
e4ae03bc1493,1.0
a2631c1f3a95,0.0
da8862826acf,0.0
e69f8d6829d6,0.0
b4174e1503ff,0.0
3c84cf2cf791,0.0
96cac52ba75b,0.0
8737807c3a84,0.0
f99a63f766c4,0.0
9168a23ca4ce,1.0
b02c86b38d49,1.0
b1cfad74f900,0.0
03f4dea02011,0.0
62210fff45de,1.0
ef70912bcd46,0.0
c3a9b7af375d,0.0
61fa96cb4126,0.0
cc978f6c74b7,0.0
979073299db7,0.0
bcce82b3a9ad,0.0
3e9c3c60379e,0.0
386a79482ccf,0.0
36975bf0ab63,0.0
5054cf13bc3e,0.0
c8319e254ba0,1.0
55ec655b51c6,0.0
272bc93fb12e,0.0
bd9550d697c8,0.0
7c9365edca7c,1.0
